Sonolab Version Required,Instrument,Vessel,Volume (ul),Rack,Plate/Rack Definition/Insert,Waveguide/Intensifier,Temp ©,Analytical System,Base Pair Mode (bp),Repeat/Iterations (#),Repeat Process Treatment Duration (s),Peak Power (W),Duty Factor (%),Cycles per Burst (#),Total Treatment Time per sample (s),Energy (J),Z Height,Water Level,Dither,Column1
0,ME220,520045,130,500514,520045.2,500526,20,Agilent Bioanalyzer DNA 1200 Kit cat# 5067-1509,150,NA,NA,75,25,1000,225,4218.75,NA,NA,NA,
0,ME220,520045,130,500514,520045.2,500526,20,Agilent Bioanalyzer DNA 1200 Kit cat# 5067-1509,200,NA,NA,70,20,1000,130,1820,NA,NA,NA,
0,ME220,520045,130,500514,520045.2,500526,20,NA,200,NA,NA,70,20,1000,130,1820,NA,NA,NA,
0,ME220,520045,130,500514,520045.2,500526,20,Agilent Bioanalyzer DNA 1200 Kit cat# 5067-1509,350,NA,NA,70,20,1000,42,588,NA,NA,NA,
0,ME220,520045,130,500514,520045.2,500526,20,Agilent Bioanalyzer DNA 1200 Kit cat# 5067-1509,550,NA,NA,40,10,1000,65,260,NA,NA,NA,
0,ME220,520052,130,500514,520052.2,500526,20,Agilent Bioanalyzer DNA 1200 Kit cat# 5067-1509,150,NA,NA,75,25,1000,240,4500,NA,NA,NA,
0,ME220,520052,130,500514,520052.2,500526,20,NA,150,NA,NA,75,25,1000,240,4500,NA,NA,NA,
0,ME220,520052,130,500514,520052.2,500526,20,Agilent Bioanalyzer DNA 1200 Kit cat# 5067-1509,200,NA,NA,70,20,1000,140,1960,NA,NA,NA,
0,ME220,520052,130,500514,520052.2,500526,20,NA,200,NA,NA,70,20,1000,140,1960,NA,NA,NA,
0,ME220,520052,130,500514,520052.2,500526,20,Agilent Bioanalyzer DNA 1200 Kit cat# 5067-1509,350,NA,NA,70,20,1000,45,630,NA,NA,NA,
0,ME220,520052,130,500514,520052.2,500526,20,Agilent Bioanalyzer DNA 1200 Kit cat# 5067-1509,550,NA,NA,40,10,1000,65,260,NA,NA,NA,
0,ME220,520053,130,500514,520053.2,500526,20,Agilent Bioanalyzer DNA 1200 Kit cat# 5067-1509,150,NA,NA,75,25,1000,225,4218.75,NA,NA,NA,
0,ME220,520053,130,500514,520053.2,500526,20,NA,150,NA,NA,75,25,1000,225,4218.75,NA,NA,NA,
0,ME220,520053,130,500514,520053.2,500526,20,Agilent Bioanalyzer DNA 1200 Kit cat# 5067-1509,200,NA,NA,70,20,1000,130,1820,NA,NA,NA,
0,ME220,520053,130,500514,520053.2,500526,20,NA,200,NA,NA,70,20,1000,130,1820,NA,NA,NA,
0,ME220,520053,130,500514,520053.2,500526,20,Agilent Bioanalyzer DNA 1200 Kit cat# 5067-1509,350,NA,NA,70,20,1000,38,532,NA,NA,NA,
0,ME220,520053,130,500514,520053.2,500526,20,Agilent Bioanalyzer DNA 1200 Kit cat# 5067-1509,550,NA,NA,40,10,1000,55,220,NA,NA,NA,
0,ME220,520145,15,500522,520145.2,500534,20,Agilent Bioanalyzer DNA 1200 Kit cat# 5067-1509,150,NA,NA,50,30,50,140,2100,NA,NA,NA,
0,ME220,520145,15,500522,520145.2,500534,20,Agilent Bioanalyzer DNA 1200 Kit cat# 5067-1509,200,NA,NA,50,30,50,70,1050,NA,NA,NA,
0,ME220,520145,15,500522,520145.2,500534,20,NA,200,NA,NA,50,30,50,70,1050,NA,NA,NA,
0,ME220,520145,15,500522,520145.2,500534,20,Agilent Bioanalyzer DNA 1200 Kit cat# 5067-1509,350,NA,NA,30,20,50,40,240,NA,NA,NA,
0,ME220,520145,15,500522,520145.2,500534,20,Agilent Bioanalyzer DNA 1200 Kit cat# 5067-1509,550,NA,NA,18,10,200,55,99,NA,NA,NA,
0,ME220,520159,15,500518,520519.2,500526,20,Agilent Bioanalyzer DNA 1200 Kit cat# 5067-1509,150,NA,NA,50,30,50,140,2100,NA,NA,NA,
0,ME220,520159,15,500518,520159.2,500526,20,Agilent Bioanalyzer High Sensitivity DNA Kit cat# 5067-4627,150,NA,NA,50,30,50,140,2100,NA,NA,NA,
0,ME220,520159,15,500518,520519.2,500526,20,Agilent Bioanalyzer DNA 1200 Kit cat# 5067-1509,200,NA,NA,50,30,50,70,1050,NA,NA,NA,
0,ME220,520159,15,500522,520159.2,500534,20,NA,200,NA,NA,50,30,50,70,1050,NA,NA,NA,
0,ME220,520159,15,500518,520519.2,500526,20,Agilent Bioanalyzer DNA 1200 Kit cat# 5067-1509,350,NA,NA,30,20,50,40,240,NA,NA,NA,
0,ME220,520159,15,500518,520519.2,500526,20,Agilent Bioanalyzer DNA 1200 Kit cat# 5067-1509,550,NA,NA,15,20,200,45,135,NA,NA,NA,
0,ME220,520166,55,500522,520166.2,500534,20,Agilent Bioanalyzer DNA 1200 Kit cat# 5067-1509,150,NA,NA,75,25,1000,180,3375,NA,NA,NA,
0,ME220,520166,55,500522,520166.2,500534,20,NA,150,NA,NA,75,25,1000,180,3375,NA,NA,NA,
0,ME220,520166,55,500522,520166.2,500534,20,Agilent Bioanalyzer DNA 1200 Kit cat# 5067-1509,200,NA,NA,75,25,1000,90,1687.5,NA,NA,NA,
0,ME220,520166,55,500522,520166.2,500534,20,NA,200,NA,NA,75,25,1000,90,1687.5,NA,NA,NA,
0,ME220,520166,55,500522,520166.2,500534,20,Agilent Bioanalyzer DNA 1200 Kit cat# 5067-1509,350,NA,NA,50,10,1000,72,360,NA,NA,NA,
0,ME220,520166,55,500522,520166.2,500534,20,Agilent Bioanalyzer DNA 1200 Kit cat# 5067-1509,550,NA,NA,25,10,1000,52,130,NA,NA,NA,
0,ME220,520174,55,500518,520174.2,500526,20,Agilent Bioanalyzer DNA 1200 Kit cat# 5067-1509,150,NA,NA,50,30,1000,214,3210,NA,NA,NA,
0,ME220,520174,55,500518,520174.2,500526,20,NA,150,NA,NA,50,30,1000,214,3210,NA,NA,NA,
8.0.2,ME220,520174,55,500518,520174.2,500526,12,Agilent Bioanalyzer High Sensitivity DNA Kit cat# 5067-4626,150,23,10,50,30,1000,230,3450,NA,NA,NA,
8.0.2,ME220,520174,55,500518,520174.2,500526,12,Agilent Bioanalyzer High Sensitivity DNA Kit cat# 5067-4628,150,23,10,50,30,1000,230,3450,NA,NA,NA,
0,ME220,520174,55,500518,520174.2,500526,20,Agilent Bioanalyzer DNA 1200 Kit cat# 5067-1509,200,NA,NA,50,30,1000,125,1875,NA,NA,NA,
0,ME220,520174,55,500518,520174.2,500526,20,Agilent Bioanalyzer DNA 1200 Kit cat# 5067-1509,350,NA,NA,50,20,1000,45,450,NA,NA,NA,
8.0.2,ME220,520174,55,500518,520174.2,500526,12,Agilent Bioanalyzer High Sensitivity DNA Kit cat# 5067-4626,350,7,10,50,20,1000,70,700,NA,NA,NA,
0,ME220,520174,55,500518,520174.2,500526,20,Agilent Bioanalyzer DNA 1200 Kit cat# 5067-1509,550,NA,NA,50,10,1000,40,200,NA,NA,NA,
0,ME220,520185,320,500525,520185.2,500534,20,Agilent Bioanalyzer DNA 1200 Kit cat# 5067-4626,550,NA,NA,75,20,1000,65,975,NA,NA,NA,
0,ME220,520216,130,500522,520216.2,500534,20,Agilent Bioanalyzer DNA 1200 Kit cat# 5067-1509,150,NA,NA,75,25,1000,225,4218.75,NA,NA,NA,
0,ME220,520216,130,500522,520216.2,500534,20,NA,150,NA,NA,75,25,1000,225,4218.75,NA,NA,NA,
8.0.2,ME220,520216,130,500522,520216.2,500534,12,Agilent Bioanalyzer High Sensitivity DNA Kit cat# 5067-4626,150,25,10,75,25,50,250,4687.5,NA,NA,NA,
8.0.2,ME220,520216,130,500522,520216.2,500534,12,Agilent Bioanalyzer High Sensitivity DNA Kit cat# 5067-4628,150,25,10,75,25,50,250,4687.5,NA,NA,NA,
0,ME220,520216,130,500522,520216.2,500534,20,Agilent Bioanalyzer DNA 1200 Kit cat# 5067-1509,200,NA,NA,70,20,1000,130,1820,NA,NA,NA,
0,ME220,520216,130,500522,520216.2,500526,20,NA,200,NA,NA,70,20,1000,140,1960,NA,NA,NA,
0,ME220,520216,130,500522,520216.2,500534,20,Agilent Bioanalyzer DNA 1200 Kit cat# 5067-1509,350,NA,NA,70,20,1000,42,588,NA,NA,NA,
8.0.2,ME220,520216,130,500522,520216.2,500534,12,Agilent Bioanalyzer High Sensitivity DNA Kit cat# 5067-4626,350,6,10,70,20,50,60,840,NA,NA,NA,
0,ME220,520216,130,500522,520216.2,500534,20,Agilent Bioanalyzer DNA 1200 Kit cat# 5067-1509,550,NA,NA,40,10,1000,65,260,NA,NA,NA,
0,ME220,520217,130,500518,520217.2,500534,20,Agilent Bioanalyzer DNA 1200 Kit cat# 5067-1509,150,NA,NA,75,25,1000,225,4218.75,NA,NA,NA,
0,ME220,520217,130,500518,520217.2,500526,20,NA,150,NA,NA,75,25,1000,225,4218.75,NA,NA,NA,
8.0.2,ME220,520217,130,500518,520217.2,500526,12,Agilent Bioanalyzer High Sensitivity DNA Kit cat# 5067-4626,150,30,10,75,25,50,300,5625,NA,NA,NA,
8.0.2,ME220,520217,130,500518,520217.2,500526,12,Agilent Bioanalyzer High Sensitivity DNA Kit cat# 5067-4628,150,10,30,75,25,50,300,5625,NA,NA,NA,
0,ME220,520217,130,500518,520217.2,500526,20,Agilent Bioanalyzer DNA 1200 Kit cat# 5067-1509,200,NA,NA,70,20,1000,130,1820,NA,NA,NA,
0,ME220,520217,130,500518,520217.2,500526,20,NA,200,NA,NA,70,20,1000,130,1820,NA,NA,NA,
0,ME220,520217,55,500518,520217.2,500526,20,NA,200,NA,NA,50,30,1000,125,1875,NA,NA,NA,
0,ME220,520217,130,500518,520217.2,500526,20,Agilent Bioanalyzer DNA 1200 Kit cat# 5067-1509,350,NA,NA,70,20,1000,42,588,NA,NA,NA,
8.0.2,ME220,520217,130,500518,520217.2,500526,12,Agilent Bioanalyzer High Sensitivity DNA Kit cat# 5067-4626,350,6,10,70,20,1000,60,840,NA,NA,NA,
0,ME220,520217,130,500518,520217.2,500526,20,Agilent Bioanalyzer DNA 1200 Kit cat# 5067-1509,550,NA,NA,40,10,1000,65,260,NA,NA,NA,
0,ME220,520239,130,500518,520239.2,500526,20,Agilent Bioanalyzer DNA 1200 Kit cat# 5067-1509,150,NA,NA,75,25,1000,225,4218.75,NA,NA,NA,
0,ME220,520239,130,500518,520239.2,500526,20,NA,150,NA,NA,75,25,1000,225,4218.75,NA,NA,NA,
8.0.2,ME220,520239,130,500518,520239.2,500526,12,Agilent Bioanalyzer High Sensitivity DNA Kit cat# 5067-4626,150,30,10,75,25,50,300,5625,NA,NA,NA,
8.0.2,ME220,520239,130,500518,520239.2,500526,12,Agilent Bioanalyzer High Sensitivity DNA Kit cat# 5067-4628,150,10,30,75,25,50,300,5625,NA,NA,NA,
0,ME220,520239,130,500518,520239.2,500526,20,Agilent Bioanalyzer DNA 1200 Kit cat# 5067-1509,200,NA,NA,70,20,1000,130,1820,NA,NA,NA,
0,ME220,520239,130,500518,520239.2,500526,20,NA,200,NA,NA,70,20,1000,130,1820,NA,NA,NA,
0,ME220,520239,130,500518,520239.2,500526,20,Agilent Bioanalyzer DNA 1200 Kit cat# 5067-1509,350,NA,NA,70,20,1000,42,588,NA,NA,NA,
8.0.2,ME220,520239,130,500518,520239.2,500526,12,Agilent Bioanalyzer High Sensitivity DNA Kit cat# 5067-4626,350,6,10,70,20,1000,60,840,NA,NA,NA,
0,ME220,520239,130,500518,520239.2,500526,20,Agilent Bioanalyzer DNA 1200 Kit cat# 5067-1509,550,NA,NA,40,10,1000,65,260,NA,NA,NA,
0,ME220,520240,55,500518,520240.2,500526,20,Agilent Bioanalyzer DNA 1200 Kit cat# 5067-1509,150,NA,NA,50,30,1000,214,3210,NA,NA,NA,
0,ME220,520240,55,500518,520240.2,500526,20,NA,150,NA,NA,50,30,1000,214,3210,NA,NA,NA,
8.0.2,ME220,520240,55,500518,520240.2,500526,12,Agilent Bioanalyzer High Sensitivity DNA Kit cat# 5067-4626,150,23,10,50,30,1000,230,3450,NA,NA,NA,
8.0.2,ME220,520240,55,500518,520240.2,500526,12,Agilent Bioanalyzer High Sensitivity DNA Kit cat# 5067-4628,150,23,10,50,30,1000,230,3450,NA,NA,NA,
0,ME220,520240,55,500518,520240.2,500526,20,Agilent Bioanalyzer DNA 1200 Kit cat# 5067-1509,200,NA,NA,50,30,1000,125,1875,NA,NA,NA,
0,ME220,520240,55,500518,520240.2,500526,20,NA,200,NA,NA,50,30,1000,125,1875,NA,NA,NA,
0,ME220,520240,55,500518,520240.2,500526,20,Agilent Bioanalyzer DNA 1200 Kit cat# 5067-1509,350,NA,NA,50,20,1000,45,450,NA,NA,NA,
8.0.2,ME220,520240,55,500518,520240.2,500526,12,Agilent Bioanalyzer High Sensitivity DNA Kit cat# 5067-4626,350,7,10,50,20,1000,70,700,NA,NA,NA,
0,ME220,520240,55,500518,520240.2,500526,20,Agilent Bioanalyzer DNA 1200 Kit cat# 5067-1509,550,NA,NA,50,10,1000,40,200,NA,NA,NA,
0,ME220,520241,15,500518,520241.2,500526,20,Agilent Bioanalyzer DNA 1200 Kit cat# 5067-1509,150,NA,NA,50,30,50,140,2100,NA,NA,NA,
0,ME220,520241,15,500518,520241.2,500526,20,Agilent Bioanalyzer High Sensitivity DNA Kit cat# 5067-4628,150,NA,NA,50,30,50,140,2100,NA,NA,NA,
0,ME220,520241,15,500518,520241.2,500526,20,Agilent Bioanalyzer DNA 1200 Kit cat# 5067-1509,200,NA,NA,50,30,50,70,1050,NA,NA,NA,
0,ME220,520241,15,500522,520241.2,500534,20,NA,200,NA,NA,50,30,50,70,1050,NA,NA,NA,
0,ME220,520241,15,500518,520241.2,500526,20,Agilent Bioanalyzer DNA 1200 Kit cat# 5067-1509,350,NA,NA,30,20,50,40,240,NA,NA,NA,
0,ME220,520241,15,500518,520241.2,500526,20,Agilent Bioanalyzer DNA 1200 Kit cat# 5067-1509,550,NA,NA,15,20,200,45,135,NA,NA,NA,
0,LE220,520291,20,500684,LE220plus_500684 96 AFA-TUBE TPX Plate 1.8 offset,NA,10,"Agilent, HS NGS Fragment Kit (1 to 6000bp) cat# DNF-474",175,NA,NA,200,25,50,200,10000,NA,NA,1 mm Y-dither at 20 mm/s,
0,LE220,520291,50,500684,LE220plus_500684 96 AFA-TUBE TPX Plate 1.8 offset,NA,10,"Agilent, HS NGS Fragment Kit (1 to 6000bp) cat# DNF-474",350,NA,NA,200,25,50,85,4250,NA,NA,1 mm Y-dither at 20 mm/s,
0,LE220,520292,20,500685,LE220plus_500685 96 AFA-TUBE TPX Plate 1.8 offset,NA,10,"Agilent, HS NGS Fragment Kit (1 to 6000bp) cat# DNF-474",175,NA,NA,220,25,50,200,11000,NA,NA,1 mm Y-dither at 20 mm/s,
0,LE220,520292,50,500685,LE220plus_500685 96 AFA-TUBE TPX Plate 1.8 offset,NA,10,"Agilent, HS NGS Fragment Kit (1 to 6000bp) cat# DNF-474",350,NA,NA,220,25,50,85,4675,NA,NA,1 mm Y-dither at 20 mm/s,
0,LE220,520159,15,500445,LE220plus_500445 Rack-LV 12 Place 8 microTUBE-15 Strip V2 -4mm offset,NA,20,Agilent Bioanalyzer DNA 1200 Kit cat# 5067-1509,150,NA,NA,180,30,50,250,13500,NA,NA,5 mm Y-dither at 20 mm/s,
0,LE220,520159,15,500445,LE220plus_500445 Rack-LV 12 Place 8 microTUBE-15 Strip V2 -4mm offset,NA,20,Agilent Bioanalyzer DNA 1200 Kit cat# 5067-1509,200,NA,NA,180,30,50,120,6480,NA,NA,5 mm Y-dither at 20 mm/s,
0,LE220,520159,15,500445,LE220plus_500445 Rack-LV 12 Place 8 microTUBE-15 Strip V2 -4mm offset,NA,20,Agilent Bioanalyzer DNA 1200 Kit cat# 5067-1509,250,NA,NA,180,20,50,105,3780,NA,NA,5 mm Y-dither at 20 mm/s,
0,LE220,520159,15,500445,LE220plus_500445 Rack-LV 12 Place 8 microTUBE-15 Strip V2 -4mm offset,NA,20,Agilent Bioanalyzer DNA 1200 Kit cat# 5067-1509,350,NA,NA,180,15,50,75,2025,NA,NA,5 mm Y-dither at 20 mm/s,
0,LE220,520159,15,500445,LE220plus_500445 Rack-LV 12 Place 8 microTUBE-15 Strip V2 -4mm offset,NA,20,Agilent Bioanalyzer DNA 1200 Kit cat# 5067-1509,550,NA,NA,180,15,50,40,1080,NA,NA,5 mm Y-dither at 20 mm/s,
0,LE220,520241,15,500445,LE220plus_500445 Rack-LV 12 Place 8 microTUBE-15 Strip V2 -4mm offset,NA,20,Agilent Bioanalyzer DNA 1200 Kit cat# 5067-1509,150,NA,NA,180,30,50,250,13500,NA,NA,5 mm Y-dither at 20 mm/s,
0,LE220,520241,15,500445,LE220plus_500445 Rack-LV 12 Place 8 microTUBE-15 Strip V2 -4mm offset,NA,20,Agilent Bioanalyzer DNA 1200 Kit cat# 5067-1509,200,NA,NA,180,30,50,120,6480,NA,NA,5 mm Y-dither at 20 mm/s,
0,LE220,520241,15,500445,LE220plus_500445 Rack-LV 12 Place 8 microTUBE-15 Strip V2 -4mm offset,NA,20,Agilent Bioanalyzer DNA 1200 Kit cat# 5067-1509,250,NA,NA,180,20,50,105,3780,NA,NA,5 mm Y-dither at 20 mm/s,
0,LE220,520241,15,500445,LE220plus_500445 Rack-LV 12 Place 8 microTUBE-15 Strip V2 -4mm offset,NA,20,Agilent Bioanalyzer DNA 1200 Kit cat# 5067-1509,350,NA,NA,180,15,50,75,2025,NA,NA,5 mm Y-dither at 20 mm/s,
0,LE220,520241,15,500445,LE220plus_500445 Rack-LV 12 Place 8 microTUBE-15 Strip V2 -4mm offset,NA,20,Agilent Bioanalyzer DNA 1200 Kit cat# 5067-1509,550,NA,NA,180,15,50,40,1080,NA,NA,5 mm Y-dither at 20 mm/s,
8.4,LE220,520174,55,500485,LE220plus_500485 Rack-XT 12 Place 8 microTUBE-50 Strip V2 -12mm offset,NA,7,"Agilent, HS NGS Fragment Kit (1 to 6000bp) cat# DNF-474",150,26,10,450,20,1000,260,23400,NA,NA,0.5mm X-dither & 0.5mm Y-dither at 10mm/sec,
8.4,LE220,520174,55,500485,LE220plus_500485 Rack-XT 12 Place 8 microTUBE-50 Strip V2 -12mm offset,NA,7,"Agilent, HS NGS Fragment Kit (1 to 6000bp) cat# DNF-474",350,9,10,450,10,1000,90,4050,NA,NA,0.5mm X-dither & 0.5mm Y-dither at 10mm/sec,
8.4,LE220,520240,55,500485,LE220plus_500485 Rack-XT 12 Place 8 microTUBE-50 Strip V2 -12mm offset,NA,7,"Agilent, HS NGS Fragment Kit (1 to 6000bp) cat# DNF-474",150,26,10,450,20,1000,260,23400,NA,NA,0.5mm X-dither & 0.5mm Y-dither at 10mm/sec,
8.4,LE220,520240,55,500485,LE220plus_500485 Rack-XT 12 Place 8 microTUBE-50 Strip V2 -12mm offset,NA,7,"Agilent, HS NGS Fragment Kit (1 to 6000bp) cat# DNF-474",350,9,10,450,10,1000,90,4050,NA,NA,0.5mm X-dither & 0.5mm Y-dither at 10mm/sec,
8.4,LE220,520168,55,NA,LE220plus_520168 96 microTUBE-50 Plate -12mm offset,NA,7,"Agilent, HS NGS Fragment Kit (1 to 6000bp) cat# DNF-474",150,35,10,450,20,1000,350,31500,NA,NA,0.5mm X-dither & 0.5mm Y-dither at 10mm/sec,
8.4,LE220,520168,55,NA,LE220plus_520168 96 microTUBE-50 Plate -12mm offset,NA,7,"Agilent, HS NGS Fragment Kit (1 to 6000bp) cat# DNF-474",350,12,10,450,10,1000,120,5400,NA,NA,0.5mm X-dither & 0.5mm Y-dither at 10mm/sec,
8.4,LE220,520232,55,NA,LE220plus_520232 96 microTUBE-50 Plate Thin Foil - 12mm offset,NA,7,"Agilent, HS NGS Fragment Kit (1 to 6000bp) cat# DNF-474",150,35,10,450,20,1000,350,31500,NA,NA,0.5mm X-dither & 0.5mm Y-dither at 10mm/sec,
8.4,LE220,520232,55,NA,LE220plus_520232 96 microTUBE-50 Plate Thin Foil - 12mm offset,NA,7,"Agilent, HS NGS Fragment Kit (1 to 6000bp) cat# DNF-474",350,12,10,450,10,1000,120,5400,NA,NA,0.5mm X-dither & 0.5mm Y-dither at 10mm/sec,
0,LE220,520174 - 8 Strip,55,500485,LE220plus_500485 Rack-XT 12 Place 8 microTUBE-50 Strip V2 -12mm offset,NA,7,Agilent Bioanalyzer DNA 1200 Kit cat# 5067-1509,150,NA,NA,450,20,1000,360,32400,NA,NA,0.5mm X-dither & 0.5mm Y-dither at 10mm/sec,
0,LE220,520174 - 8 Strip,55,500485,LE220plus_500485 Rack-XT 12 Place 8 microTUBE-50 Strip V2 -12mm offset,NA,7,Agilent Bioanalyzer DNA 1200 Kit cat# 5067-1509,200,NA,NA,450,20,1000,160,14400,NA,NA,0.5mm X-dither & 0.5mm Y-dither at 10mm/sec,
0,LE220,520174 - 8 Strip,55,500485,LE220plus_500485 Rack-XT 12 Place 8 microTUBE-50 Strip V2 -12mm offset,NA,7,Agilent Bioanalyzer DNA 1200 Kit cat# 5067-1509,250,NA,NA,450,15,1000,120,8100,NA,NA,0.5mm X-dither & 0.5mm Y-dither at 10mm/sec,
0,LE220,520174 - 8 Strip,55,500485,LE220plus_500485 Rack-XT 12 Place 8 microTUBE-50 Strip V2 -12mm offset,NA,7,Agilent Bioanalyzer DNA 1200 Kit cat# 5067-1509,300,NA,NA,450,15,1000,79,5332.5,NA,NA,0.5mm X-dither & 0.5mm Y-dither at 10mm/sec,
0,LE220,520174 - 8 Strip,55,500485,LE220plus_500485 Rack-XT 12 Place 8 microTUBE-50 Strip V2 -12mm offset,NA,7,Agilent Bioanalyzer DNA 1200 Kit cat# 5067-1509,350,NA,NA,450,10,1000,87,3915,NA,NA,0.5mm X-dither & 0.5mm Y-dither at 10mm/sec,
0,LE220,520174 - 8 Strip,55,500485,LE220plus_500485 Rack-XT 12 Place 8 microTUBE-50 Strip V2 -12mm offset,NA,7,Agilent Bioanalyzer DNA 1200 Kit cat# 5067-1509,400,NA,NA,450,10,1000,74,3330,NA,NA,0.5mm X-dither & 0.5mm Y-dither at 10mm/sec,
0,LE220,520174 - 8 Strip,55,500485,LE220plus_500485 Rack-XT 12 Place 8 microTUBE-50 Strip V2 -12mm offset,NA,7,Agilent Bioanalyzer DNA 1200 Kit cat# 5067-1509,500,NA,NA,450,10,1000,56,2520,NA,NA,0.5mm X-dither & 0.5mm Y-dither at 10mm/sec,
0,LE220,520174 - plate,55,500485,LE220plus_500485 Rack-XT 12 Place 8 microTUBE-50 Strip V2 -12mm offset,NA,7,Agilent Bioanalyzer DNA 1200 Kit cat# 5067-1509,150,NA,NA,450,20,1000,500,45000,NA,NA,0.5mm X-dither & 0.5mm Y-dither at 10mm/sec,
0,LE220,520174 - plate,55,500485,LE220plus_500485 Rack-XT 12 Place 8 microTUBE-50 Strip V2 -12mm offset,NA,7,Agilent Bioanalyzer DNA 1200 Kit cat# 5067-1509,200,NA,NA,450,20,1000,200,18000,NA,NA,0.5mm X-dither & 0.5mm Y-dither at 10mm/sec,
0,LE220,520174 - plate,55,500485,LE220plus_500485 Rack-XT 12 Place 8 microTUBE-50 Strip V2 -12mm offset,NA,7,Agilent Bioanalyzer DNA 1200 Kit cat# 5067-1509,250,NA,NA,450,15,1000,150,10125,NA,NA,0.5mm X-dither & 0.5mm Y-dither at 10mm/sec,
0,LE220,520174 - plate,55,500485,LE220plus_500485 Rack-XT 12 Place 8 microTUBE-50 Strip V2 -12mm offset,NA,7,Agilent Bioanalyzer DNA 1200 Kit cat# 5067-1509,300,NA,NA,450,15,1000,100,6750,NA,NA,0.5mm X-dither & 0.5mm Y-dither at 10mm/sec,
0,LE220,520174 - plate,55,500485,LE220plus_500485 Rack-XT 12 Place 8 microTUBE-50 Strip V2 -12mm offset,NA,7,Agilent Bioanalyzer DNA 1200 Kit cat# 5067-1509,350,NA,NA,450,10,1000,120,5400,NA,NA,0.5mm X-dither & 0.5mm Y-dither at 10mm/sec,
0,LE220,520174 - plate,55,500485,LE220plus_500485 Rack-XT 12 Place 8 microTUBE-50 Strip V2 -12mm offset,NA,7,Agilent Bioanalyzer DNA 1200 Kit cat# 5067-1509,400,NA,NA,450,10,1000,90,4050,NA,NA,0.5mm X-dither & 0.5mm Y-dither at 10mm/sec,
0,LE220,520174 - plate,55,500485,LE220plus_500485 Rack-XT 12 Place 8 microTUBE-50 Strip V2 -12mm offset,NA,7,Agilent Bioanalyzer DNA 1200 Kit cat# 5067-1509,500,NA,NA,450,10,1000,68,3060,NA,NA,0.5mm X-dither & 0.5mm Y-dither at 10mm/sec,
0,LE220,520240 - 8 strip,55,500485,LE220plus_500485 Rack-XT 12 Place 8 microTUBE-50 Strip V2 -12mm offset,NA,7,Agilent Bioanalyzer DNA 1200 Kit cat# 5067-1509,150,NA,NA,450,20,1000,360,32400,NA,NA,0.5mm X-dither & 0.5mm Y-dither at 10mm/sec,
0,LE220,520240 - 8 strip,55,500485,LE220plus_500485 Rack-XT 12 Place 8 microTUBE-50 Strip V2 -12mm offset,NA,7,Agilent Bioanalyzer DNA 1200 Kit cat# 5067-1509,200,NA,NA,450,20,1000,160,14400,NA,NA,0.5mm X-dither & 0.5mm Y-dither at 10mm/sec,
0,LE220,520240 - 8 strip,55,500485,LE220plus_500485 Rack-XT 12 Place 8 microTUBE-50 Strip V2 -12mm offset,NA,7,Agilent Bioanalyzer DNA 1200 Kit cat# 5067-1509,250,NA,NA,450,15,1000,120,8100,NA,NA,0.5mm X-dither & 0.5mm Y-dither at 10mm/sec,
0,LE220,520240 - 8 strip,55,500485,LE220plus_500485 Rack-XT 12 Place 8 microTUBE-50 Strip V2 -12mm offset,NA,7,Agilent Bioanalyzer DNA 1200 Kit cat# 5067-1509,300,NA,NA,450,15,1000,79,5332.5,NA,NA,0.5mm X-dither & 0.5mm Y-dither at 10mm/sec,
0,LE220,520240 - 8 strip,55,500485,LE220plus_500485 Rack-XT 12 Place 8 microTUBE-50 Strip V2 -12mm offset,NA,7,Agilent Bioanalyzer DNA 1200 Kit cat# 5067-1509,350,NA,NA,450,10,1000,87,3915,NA,NA,0.5mm X-dither & 0.5mm Y-dither at 10mm/sec,
0,LE220,520240 - 8 strip,55,500485,LE220plus_500485 Rack-XT 12 Place 8 microTUBE-50 Strip V2 -12mm offset,NA,7,Agilent Bioanalyzer DNA 1200 Kit cat# 5067-1509,400,NA,NA,450,10,1000,74,3330,NA,NA,0.5mm X-dither & 0.5mm Y-dither at 10mm/sec,
0,LE220,520240 - 8 strip,55,500485,LE220plus_500485 Rack-XT 12 Place 8 microTUBE-50 Strip V2 -12mm offset,NA,7,Agilent Bioanalyzer DNA 1200 Kit cat# 5067-1509,500,NA,NA,450,10,1000,56,2520,NA,NA,0.5mm X-dither & 0.5mm Y-dither at 10mm/sec,
0,LE220,520240 - plate,55,500485,LE220plus_500485 Rack-XT 12 Place 8 microTUBE-50 Strip V2 -12mm offset,NA,7,Agilent Bioanalyzer DNA 1200 Kit cat# 5067-1509,150,NA,NA,450,20,1000,500,45000,NA,NA,0.5mm X-dither & 0.5mm Y-dither at 10mm/sec,
0,LE220,520240 - plate,55,500485,LE220plus_500485 Rack-XT 12 Place 8 microTUBE-50 Strip V2 -12mm offset,NA,7,Agilent Bioanalyzer DNA 1200 Kit cat# 5067-1509,200,NA,NA,450,20,1000,200,18000,NA,NA,0.5mm X-dither & 0.5mm Y-dither at 10mm/sec,
0,LE220,520240 - plate,55,500485,LE220plus_500485 Rack-XT 12 Place 8 microTUBE-50 Strip V2 -12mm offset,NA,7,Agilent Bioanalyzer DNA 1200 Kit cat# 5067-1509,250,NA,NA,450,15,1000,150,10125,NA,NA,0.5mm X-dither & 0.5mm Y-dither at 10mm/sec,
0,LE220,520240 - plate,55,500485,LE220plus_500485 Rack-XT 12 Place 8 microTUBE-50 Strip V2 -12mm offset,NA,7,Agilent Bioanalyzer DNA 1200 Kit cat# 5067-1509,300,NA,NA,450,15,1000,100,6750,NA,NA,0.5mm X-dither & 0.5mm Y-dither at 10mm/sec,
0,LE220,520240 - plate,55,500485,LE220plus_500485 Rack-XT 12 Place 8 microTUBE-50 Strip V2 -12mm offset,NA,7,Agilent Bioanalyzer DNA 1200 Kit cat# 5067-1509,350,NA,NA,450,10,1000,120,5400,NA,NA,0.5mm X-dither & 0.5mm Y-dither at 10mm/sec,
0,LE220,520240 - plate,55,500485,LE220plus_500485 Rack-XT 12 Place 8 microTUBE-50 Strip V2 -12mm offset,NA,7,Agilent Bioanalyzer DNA 1200 Kit cat# 5067-1509,400,NA,NA,450,10,1000,90,4050,NA,NA,0.5mm X-dither & 0.5mm Y-dither at 10mm/sec,
0,LE220,520240 - plate,55,500485,LE220plus_500485 Rack-XT 12 Place 8 microTUBE-50 Strip V2 -12mm offset,NA,7,Agilent Bioanalyzer DNA 1200 Kit cat# 5067-1509,500,NA,NA,450,10,1000,68,3060,NA,NA,0.5mm X-dither & 0.5mm Y-dither at 10mm/sec,
0,LE220,520168 - 8 strip,55,NA,LE220plus_520168 96 microTUBE-50 Plate -12mm offset,NA,7,Agilent Bioanalyzer DNA 1200 Kit cat# 5067-1509,150,NA,NA,450,20,1000,360,32400,NA,NA,0.5mm X-dither & 0.5mm Y-dither at 10mm/sec,
0,LE220,520168 - 8 strip,55,NA,LE220plus_520168 96 microTUBE-50 Plate -12mm offset,NA,7,Agilent Bioanalyzer DNA 1200 Kit cat# 5067-1509,200,NA,NA,450,20,1000,160,14400,NA,NA,0.5mm X-dither & 0.5mm Y-dither at 10mm/sec,
0,LE220,520168 - 8 strip,55,NA,LE220plus_520168 96 microTUBE-50 Plate -12mm offset,NA,7,Agilent Bioanalyzer DNA 1200 Kit cat# 5067-1509,250,NA,NA,450,15,1000,120,8100,NA,NA,0.5mm X-dither & 0.5mm Y-dither at 10mm/sec,
0,LE220,520168 - 8 strip,55,NA,LE220plus_520168 96 microTUBE-50 Plate -12mm offset,NA,7,Agilent Bioanalyzer DNA 1200 Kit cat# 5067-1509,300,NA,NA,450,15,1000,79,5332.5,NA,NA,0.5mm X-dither & 0.5mm Y-dither at 10mm/sec,
0,LE220,520168 - 8 strip,55,NA,LE220plus_520168 96 microTUBE-50 Plate -12mm offset,NA,7,Agilent Bioanalyzer DNA 1200 Kit cat# 5067-1509,350,NA,NA,450,10,1000,87,3915,NA,NA,0.5mm X-dither & 0.5mm Y-dither at 10mm/sec,
0,LE220,520168 - 8 strip,55,NA,LE220plus_520168 96 microTUBE-50 Plate -12mm offset,NA,7,Agilent Bioanalyzer DNA 1200 Kit cat# 5067-1509,400,NA,NA,450,10,1000,74,3330,NA,NA,0.5mm X-dither & 0.5mm Y-dither at 10mm/sec,
0,LE220,520168 - 8 strip,55,NA,LE220plus_520168 96 microTUBE-50 Plate -12mm offset,NA,7,Agilent Bioanalyzer DNA 1200 Kit cat# 5067-1509,500,NA,NA,450,10,1000,56,2520,NA,NA,0.5mm X-dither & 0.5mm Y-dither at 10mm/sec,
0,LE220,520168 - plate,55,NA,LE220plus_520168 96 microTUBE-50 Plate -12mm offset,NA,7,Agilent Bioanalyzer DNA 1200 Kit cat# 5067-1509,150,NA,NA,450,20,1000,500,45000,NA,NA,0.5mm X-dither & 0.5mm Y-dither at 10mm/sec,
0,LE220,520168 - plate,55,NA,LE220plus_520168 96 microTUBE-50 Plate -12mm offset,NA,7,Agilent Bioanalyzer DNA 1200 Kit cat# 5067-1509,200,NA,NA,450,20,1000,200,18000,NA,NA,0.5mm X-dither & 0.5mm Y-dither at 10mm/sec,
0,LE220,520168 - plate,55,NA,LE220plus_520168 96 microTUBE-50 Plate -12mm offset,NA,7,Agilent Bioanalyzer DNA 1200 Kit cat# 5067-1509,250,NA,NA,450,15,1000,150,10125,NA,NA,0.5mm X-dither & 0.5mm Y-dither at 10mm/sec,
0,LE220,520168 - plate,55,NA,LE220plus_520168 96 microTUBE-50 Plate -12mm offset,NA,7,Agilent Bioanalyzer DNA 1200 Kit cat# 5067-1509,300,NA,NA,450,15,1000,100,6750,NA,NA,0.5mm X-dither & 0.5mm Y-dither at 10mm/sec,
0,LE220,520168 - plate,55,NA,LE220plus_520168 96 microTUBE-50 Plate -12mm offset,NA,7,Agilent Bioanalyzer DNA 1200 Kit cat# 5067-1509,350,NA,NA,450,10,1000,120,5400,NA,NA,0.5mm X-dither & 0.5mm Y-dither at 10mm/sec,
0,LE220,520168 - plate,55,NA,LE220plus_520168 96 microTUBE-50 Plate -12mm offset,NA,7,Agilent Bioanalyzer DNA 1200 Kit cat# 5067-1509,400,NA,NA,450,10,1000,90,4050,NA,NA,0.5mm X-dither & 0.5mm Y-dither at 10mm/sec,
0,LE220,520168 - plate,55,NA,LE220plus_520168 96 microTUBE-50 Plate -12mm offset,NA,7,Agilent Bioanalyzer DNA 1200 Kit cat# 5067-1509,500,NA,NA,450,10,1000,68,3060,NA,NA,0.5mm X-dither & 0.5mm Y-dither at 10mm/sec,
0,LE220,520232 - 8 strip,55,NA,LE220plus_520232 96 microTUBE-50 Plate Thin Foil - 12mm offset,NA,7,Agilent Bioanalyzer DNA 1200 Kit cat# 5067-1509,150,NA,NA,450,20,1000,360,32400,NA,NA,0.5mm X-dither & 0.5mm Y-dither at 10mm/sec,
0,LE220,520232 - 8 strip,55,NA,LE220plus_520232 96 microTUBE-50 Plate Thin Foil - 12mm offset,NA,7,Agilent Bioanalyzer DNA 1200 Kit cat# 5067-1509,200,NA,NA,450,20,1000,160,14400,NA,NA,0.5mm X-dither & 0.5mm Y-dither at 10mm/sec,
0,LE220,520232 - 8 strip,55,NA,LE220plus_520232 96 microTUBE-50 Plate Thin Foil - 12mm offset,NA,7,Agilent Bioanalyzer DNA 1200 Kit cat# 5067-1509,250,NA,NA,450,15,1000,120,8100,NA,NA,0.5mm X-dither & 0.5mm Y-dither at 10mm/sec,
0,LE220,520232 - 8 strip,55,NA,LE220plus_520232 96 microTUBE-50 Plate Thin Foil - 12mm offset,NA,7,Agilent Bioanalyzer DNA 1200 Kit cat# 5067-1509,300,NA,NA,450,15,1000,79,5332.5,NA,NA,0.5mm X-dither & 0.5mm Y-dither at 10mm/sec,
0,LE220,520232 - 8 strip,55,NA,LE220plus_520232 96 microTUBE-50 Plate Thin Foil - 12mm offset,NA,7,Agilent Bioanalyzer DNA 1200 Kit cat# 5067-1509,350,NA,NA,450,10,1000,87,3915,NA,NA,0.5mm X-dither & 0.5mm Y-dither at 10mm/sec,
0,LE220,520232 - 8 strip,55,NA,LE220plus_520232 96 microTUBE-50 Plate Thin Foil - 12mm offset,NA,7,Agilent Bioanalyzer DNA 1200 Kit cat# 5067-1509,400,NA,NA,450,10,1000,74,3330,NA,NA,0.5mm X-dither & 0.5mm Y-dither at 10mm/sec,
0,LE220,520232 - 8 strip,55,NA,LE220plus_520232 96 microTUBE-50 Plate Thin Foil - 12mm offset,NA,7,Agilent Bioanalyzer DNA 1200 Kit cat# 5067-1509,500,NA,NA,450,10,1000,56,2520,NA,NA,0.5mm X-dither & 0.5mm Y-dither at 10mm/sec,
0,LE220,520232 - plate,55,NA,LE220plus_520232 96 microTUBE-50 Plate Thin Foil - 12mm offset,NA,7,Agilent Bioanalyzer DNA 1200 Kit cat# 5067-1509,150,NA,NA,450,20,1000,500,45000,NA,NA,0.5mm X-dither & 0.5mm Y-dither at 10mm/sec,
0,LE220,520232 - plate,55,NA,LE220plus_520232 96 microTUBE-50 Plate Thin Foil - 12mm offset,NA,7,Agilent Bioanalyzer DNA 1200 Kit cat# 5067-1509,200,NA,NA,450,20,1000,200,18000,NA,NA,0.5mm X-dither & 0.5mm Y-dither at 10mm/sec,
0,LE220,520232 - plate,55,NA,LE220plus_520232 96 microTUBE-50 Plate Thin Foil - 12mm offset,NA,7,Agilent Bioanalyzer DNA 1200 Kit cat# 5067-1509,250,NA,NA,450,15,1000,150,10125,NA,NA,0.5mm X-dither & 0.5mm Y-dither at 10mm/sec,
0,LE220,520232 - plate,55,NA,LE220plus_520232 96 microTUBE-50 Plate Thin Foil - 12mm offset,NA,7,Agilent Bioanalyzer DNA 1200 Kit cat# 5067-1509,300,NA,NA,450,15,1000,100,6750,NA,NA,0.5mm X-dither & 0.5mm Y-dither at 10mm/sec,
0,LE220,520232 - plate,55,NA,LE220plus_520232 96 microTUBE-50 Plate Thin Foil - 12mm offset,NA,7,Agilent Bioanalyzer DNA 1200 Kit cat# 5067-1509,350,NA,NA,450,10,1000,120,5400,NA,NA,0.5mm X-dither & 0.5mm Y-dither at 10mm/sec,
0,LE220,520232 - plate,55,NA,LE220plus_520232 96 microTUBE-50 Plate Thin Foil - 12mm offset,NA,7,Agilent Bioanalyzer DNA 1200 Kit cat# 5067-1509,400,NA,NA,450,10,1000,90,4050,NA,NA,0.5mm X-dither & 0.5mm Y-dither at 10mm/sec,
0,LE220,520232 - plate,55,NA,LE220plus_520232 96 microTUBE-50 Plate Thin Foil - 12mm offset,NA,7,Agilent Bioanalyzer DNA 1200 Kit cat# 5067-1509,500,NA,NA,450,10,1000,68,3060,NA,NA,0.5mm X-dither & 0.5mm Y-dither at 10mm/sec,
8.4,LE220,520053,130,500191,LE220plus_500191 Rack 12 Place 8 microTUBE Strip -4mm offset,NA,7,"Agilent, HS NGS Fragment Kit (1 to 6000bp) cat# DNF-474",150,26,10,450,30,200,260,35100,NA,NA,NA,
8.4,LE220,520053,130,500191,LE220plus_500191 Rack 12 Place 8 microTUBE Strip -4mm offset,NA,7,"Agilent, HS NGS Fragment Kit (1 to 6000bp) cat# DNF-474",350,9,10,450,15,200,90,6075,NA,NA,NA,
8.4,LE220,520078,130,NA,LE220plus_520078 96 microTUBE Plate - 4mm offset,NA,7,"Agilent, HS NGS Fragment Kit (1 to 6000bp) cat# DNF-474",150,41,10,450,25,200,410,46125,NA,NA,NA,
8.4,LE220,520078,130,NA,LE220plus_520078 96 microTUBE Plate - 4mm offset,NA,7,"Agilent, HS NGS Fragment Kit (1 to 6000bp) cat# DNF-474",350,9,10,450,20,200,90,8100,NA,NA,NA,
8.4,LE220,520230,130,NA,LE220plus_520230 96 microTUBE Plate Thin Foil -4mm offset,NA,7,"Agilent, HS NGS Fragment Kit (1 to 6000bp) cat# DNF-474",150,41,10,450,25,200,410,46125,NA,NA,NA,
8.4,LE220,520230,130,NA,LE220plus_520230 96 microTUBE Plate Thin Foil -4mm offset,NA,7,"Agilent, HS NGS Fragment Kit (1 to 6000bp) cat# DNF-474",350,9,10,450,20,200,90,8100,NA,NA,NA,
0,LE220,520052  - 8 strip,130,500282,LE220plus_500282 Rack 96 Place microTUBE – 4mm offset,NA,7,Agilent Bioanalyzer DNA 1200 Kit cat# 5067-1509,150,NA,NA,450,30,200,420,56700,NA,NA,NA,
0,LE220,520052  - 8 strip,130,500282,LE220plus_500282 Rack 96 Place microTUBE – 4mm offset,NA,7,Agilent Bioanalyzer DNA 1200 Kit cat# 5067-1509,200,NA,NA,450,30,200,175,23625,NA,NA,NA,
0,LE220,520052  - 8 strip,130,500282,LE220plus_500282 Rack 96 Place microTUBE – 4mm offset,NA,7,Agilent Bioanalyzer DNA 1200 Kit cat# 5067-1509,300,NA,NA,450,30,200,60,8100,NA,NA,NA,
0,LE220,520052  - 8 strip,130,500282,LE220plus_500282 Rack 96 Place microTUBE – 4mm offset,NA,7,Agilent Bioanalyzer DNA 1200 Kit cat# 5067-1509,400,NA,NA,450,15,200,63,4252.5,NA,NA,NA,
0,LE220,520052  - 8 strip,130,500282,LE220plus_500282 Rack 96 Place microTUBE – 4mm offset,NA,7,Agilent Bioanalyzer DNA 1200 Kit cat# 5067-1509,500,NA,NA,450,15,200,46,3105,NA,NA,NA,
0,LE220,520052  - 8 strip,130,500282,LE220plus_500282 Rack 96 Place microTUBE – 4mm offset,NA,7,Agilent Bioanalyzer DNA 1200 Kit cat# 5067-1509,900,NA,NA,450,5,200,77,1732.5,NA,NA,NA,
0,LE220,520052  - 8 strip,130,500282,LE220plus_500282 Rack 96 Place microTUBE – 4mm offset,NA,7,Agilent Bioanalyzer DNA 1200 Kit cat# 5067-1509,1500,NA,NA,450,5,200,17,382.5,NA,NA,NA,
0,LE220,520052 - plate,130,500282,LE220plus_500282 Rack 96 Place microTUBE – 4mm offset,NA,7,Agilent Bioanalyzer DNA 1200 Kit cat# 5067-1509,150,NA,NA,450,30,200,490,66150,NA,NA,NA,
0,LE220,520052 - plate,130,500282,LE220plus_500282 Rack 96 Place microTUBE – 4mm offset,NA,7,Agilent Bioanalyzer DNA 1200 Kit cat# 5067-1509,200,NA,NA,450,30,200,190,25650,NA,NA,NA,
0,LE220,520052 - plate,130,500282,LE220plus_500282 Rack 96 Place microTUBE – 4mm offset,NA,7,Agilent Bioanalyzer DNA 1200 Kit cat# 5067-1509,300,NA,NA,450,30,200,80,10800,NA,NA,NA,
0,LE220,520052 - plate,130,500282,LE220plus_500282 Rack 96 Place microTUBE – 4mm offset,NA,7,Agilent Bioanalyzer DNA 1200 Kit cat# 5067-1509,400,NA,NA,450,15,200,100,6750,NA,NA,NA,
0,LE220,520052 - plate,130,500282,LE220plus_500282 Rack 96 Place microTUBE – 4mm offset,NA,7,Agilent Bioanalyzer DNA 1200 Kit cat# 5067-1509,500,NA,NA,450,15,200,75,5062.5,NA,NA,NA,
0,LE220,520052 - plate,130,500282,LE220plus_500282 Rack 96 Place microTUBE – 4mm offset,NA,7,Agilent Bioanalyzer DNA 1200 Kit cat# 5067-1509,900,NA,NA,450,5,200,118,2655,NA,NA,NA,
0,LE220,520052 - plate,130,500282,LE220plus_500282 Rack 96 Place microTUBE – 4mm offset,NA,7,Agilent Bioanalyzer DNA 1200 Kit cat# 5067-1509,1500,NA,NA,450,5,200,20,450,NA,NA,NA,
0,LE220,520053 - 8 strip,130,5005191,LE220plus_500191 Rack 12 Place 8 microTUBE Strip – 4mm offset,NA,7,Agilent Bioanalyzer DNA 1200 Kit cat# 5067-1509,150,NA,NA,450,30,200,420,56700,NA,NA,NA,
0,LE220,520053 - 8 strip,130,5005191,LE220plus_500191 Rack 12 Place 8 microTUBE Strip – 4mm offset,NA,7,Agilent Bioanalyzer DNA 1200 Kit cat# 5067-1509,200,NA,NA,450,30,200,175,23625,NA,NA,NA,
0,LE220,520053 - 8 strip,130,5005191,LE220plus_500191 Rack 12 Place 8 microTUBE Strip – 4mm offset,NA,7,Agilent Bioanalyzer DNA 1200 Kit cat# 5067-1509,300,NA,NA,450,30,200,60,8100,NA,NA,NA,
0,LE220,520053 - 8 strip,130,5005191,LE220plus_500191 Rack 12 Place 8 microTUBE Strip – 4mm offset,NA,7,Agilent Bioanalyzer DNA 1200 Kit cat# 5067-1509,400,NA,NA,450,15,200,63,4252.5,NA,NA,NA,
0,LE220,520053 - 8 strip,130,5005191,LE220plus_500191 Rack 12 Place 8 microTUBE Strip – 4mm offset,NA,7,Agilent Bioanalyzer DNA 1200 Kit cat# 5067-1509,500,NA,NA,450,15,200,46,3105,NA,NA,NA,
0,LE220,520053 - 8 strip,130,5005191,LE220plus_500191 Rack 12 Place 8 microTUBE Strip – 4mm offset,NA,7,Agilent Bioanalyzer DNA 1200 Kit cat# 5067-1509,900,NA,NA,450,5,200,77,1732.5,NA,NA,NA,
0,LE220,520053 - 8 strip,130,5005191,LE220plus_500191 Rack 12 Place 8 microTUBE Strip – 4mm offset,NA,7,Agilent Bioanalyzer DNA 1200 Kit cat# 5067-1509,1500,NA,NA,450,5,200,17,382.5,NA,NA,NA,
0,LE220,520053 - plate,130,5005191,LE220plus_500191 Rack 12 Place 8 microTUBE Strip – 4mm offset,NA,7,Agilent Bioanalyzer DNA 1200 Kit cat# 5067-1509,150,NA,NA,450,30,200,490,66150,NA,NA,NA,
0,LE220,520053 - plate,130,5005191,LE220plus_500191 Rack 12 Place 8 microTUBE Strip – 4mm offset,NA,7,Agilent Bioanalyzer DNA 1200 Kit cat# 5067-1509,200,NA,NA,450,30,200,190,25650,NA,NA,NA,
0,LE220,520053 - plate,130,5005191,LE220plus_500191 Rack 12 Place 8 microTUBE Strip – 4mm offset,NA,7,Agilent Bioanalyzer DNA 1200 Kit cat# 5067-1509,300,NA,NA,450,30,200,80,10800,NA,NA,NA,
0,LE220,520053 - plate,130,5005191,LE220plus_500191 Rack 12 Place 8 microTUBE Strip – 4mm offset,NA,7,Agilent Bioanalyzer DNA 1200 Kit cat# 5067-1509,400,NA,NA,450,15,200,100,6750,NA,NA,NA,
0,LE220,520053 - plate,130,5005191,LE220plus_500191 Rack 12 Place 8 microTUBE Strip – 4mm offset,NA,7,Agilent Bioanalyzer DNA 1200 Kit cat# 5067-1509,500,NA,NA,450,15,200,75,5062.5,NA,NA,NA,
0,LE220,520053 - plate,130,5005191,LE220plus_500191 Rack 12 Place 8 microTUBE Strip – 4mm offset,NA,7,Agilent Bioanalyzer DNA 1200 Kit cat# 5067-1509,900,NA,NA,450,5,200,118,2655,NA,NA,NA,
0,LE220,520053 - plate,130,5005191,LE220plus_500191 Rack 12 Place 8 microTUBE Strip – 4mm offset,NA,7,Agilent Bioanalyzer DNA 1200 Kit cat# 5067-1509,1500,NA,NA,450,5,200,20,450,NA,NA,NA,
0,LE220,520078 - 8 strip,130,NA,LE220plus_520078 96 microTUBE Plate 4mm offset,NA,7,Agilent Bioanalyzer DNA 1200 Kit cat# 5067-1509,150,NA,NA,450,30,200,420,56700,NA,NA,NA,
0,LE220,520078 - 8 strip,130,NA,LE220plus_520078 96 microTUBE Plate 4mm offset,NA,7,Agilent Bioanalyzer DNA 1200 Kit cat# 5067-1509,200,NA,NA,450,30,200,175,23625,NA,NA,NA,
0,LE220,520078 - 8 strip,130,NA,LE220plus_520078 96 microTUBE Plate 4mm offset,NA,7,Agilent Bioanalyzer DNA 1200 Kit cat# 5067-1509,300,NA,NA,450,30,200,60,8100,NA,NA,NA,
0,LE220,520078 - 8 strip,130,NA,LE220plus_520078 96 microTUBE Plate 4mm offset,NA,7,Agilent Bioanalyzer DNA 1200 Kit cat# 5067-1509,400,NA,NA,450,15,200,63,4252.5,NA,NA,NA,
0,LE220,520078 - 8 strip,130,NA,LE220plus_520078 96 microTUBE Plate 4mm offset,NA,7,Agilent Bioanalyzer DNA 1200 Kit cat# 5067-1509,500,NA,NA,450,15,200,46,3105,NA,NA,NA,
0,LE220,520078 - 8 strip,130,NA,LE220plus_520078 96 microTUBE Plate 4mm offset,NA,7,Agilent Bioanalyzer DNA 1200 Kit cat# 5067-1509,900,NA,NA,450,5,200,77,1732.5,NA,NA,NA,
0,LE220,520078 - 8 strip,130,NA,LE220plus_520078 96 microTUBE Plate 4mm offset,NA,7,Agilent Bioanalyzer DNA 1200 Kit cat# 5067-1509,1500,NA,NA,450,5,200,17,382.5,NA,NA,NA,
0,LE220,520078 - plate,130,NA,LE220plus_520078 96 microTUBE Plate 4mm offset,NA,7,Agilent Bioanalyzer DNA 1200 Kit cat# 5067-1509,150,NA,NA,450,30,200,490,66150,NA,NA,NA,
0,LE220,520078 - plate,130,NA,LE220plus_520078 96 microTUBE Plate 4mm offset,NA,7,Agilent Bioanalyzer DNA 1200 Kit cat# 5067-1509,200,NA,NA,450,30,200,190,25650,NA,NA,NA,
0,LE220,520078 - plate,130,NA,LE220plus_520078 96 microTUBE Plate 4mm offset,NA,7,Agilent Bioanalyzer DNA 1200 Kit cat# 5067-1509,300,NA,NA,450,30,200,80,10800,NA,NA,NA,
0,LE220,520078 - plate,130,NA,LE220plus_520078 96 microTUBE Plate 4mm offset,NA,7,Agilent Bioanalyzer DNA 1200 Kit cat# 5067-1509,400,NA,NA,450,15,200,100,6750,NA,NA,NA,
0,LE220,520078 - plate,130,NA,LE220plus_520078 96 microTUBE Plate 4mm offset,NA,7,Agilent Bioanalyzer DNA 1200 Kit cat# 5067-1509,500,NA,NA,450,15,200,75,5062.5,NA,NA,NA,
0,LE220,520078 - plate,130,NA,LE220plus_520078 96 microTUBE Plate 4mm offset,NA,7,Agilent Bioanalyzer DNA 1200 Kit cat# 5067-1509,900,NA,NA,450,5,200,118,2655,NA,NA,NA,
0,LE220,520078 - plate,130,NA,LE220plus_520078 96 microTUBE Plate 4mm offset,NA,7,Agilent Bioanalyzer DNA 1200 Kit cat# 5067-1509,1500,NA,NA,450,5,200,20,450,NA,NA,NA,
0,LE220,520230 - 8 strip,130,NA,LE220plus_520230 96 microTUBE Plate Thin Foil – 4mm offset,NA,7,Agilent Bioanalyzer DNA 1200 Kit cat# 5067-1509,150,NA,NA,450,30,200,420,56700,NA,NA,NA,
0,LE220,520230 - 8 strip,130,NA,LE220plus_520230 96 microTUBE Plate Thin Foil – 4mm offset,NA,7,Agilent Bioanalyzer DNA 1200 Kit cat# 5067-1509,200,NA,NA,450,30,200,175,23625,NA,NA,NA,
0,LE220,520230 - 8 strip,130,NA,LE220plus_520230 96 microTUBE Plate Thin Foil – 4mm offset,NA,7,Agilent Bioanalyzer DNA 1200 Kit cat# 5067-1509,300,NA,NA,450,30,200,60,8100,NA,NA,NA,
0,LE220,520230 - 8 strip,130,NA,LE220plus_520230 96 microTUBE Plate Thin Foil – 4mm offset,NA,7,Agilent Bioanalyzer DNA 1200 Kit cat# 5067-1509,400,NA,NA,450,15,200,63,4252.5,NA,NA,NA,
0,LE220,520230 - 8 strip,130,NA,LE220plus_520230 96 microTUBE Plate Thin Foil – 4mm offset,NA,7,Agilent Bioanalyzer DNA 1200 Kit cat# 5067-1509,500,NA,NA,450,15,200,46,3105,NA,NA,NA,
0,LE220,520230 - 8 strip,130,NA,LE220plus_520230 96 microTUBE Plate Thin Foil – 4mm offset,NA,7,Agilent Bioanalyzer DNA 1200 Kit cat# 5067-1509,900,NA,NA,450,5,200,77,1732.5,NA,NA,NA,
0,LE220,520230 - 8 strip,130,NA,LE220plus_520230 96 microTUBE Plate Thin Foil – 4mm offset,NA,7,Agilent Bioanalyzer DNA 1200 Kit cat# 5067-1509,1500,NA,NA,450,5,200,17,382.5,NA,NA,NA,
0,LE220,520230 - plate,130,NA,LE220plus_520230 96 microTUBE Plate Thin Foil – 4mm offset,NA,7,Agilent Bioanalyzer DNA 1200 Kit cat# 5067-1509,150,NA,NA,450,30,200,490,66150,NA,NA,NA,
0,LE220,520230 - plate,130,NA,LE220plus_520230 96 microTUBE Plate Thin Foil – 4mm offset,NA,7,Agilent Bioanalyzer DNA 1200 Kit cat# 5067-1509,200,NA,NA,450,30,200,190,25650,NA,NA,NA,
0,LE220,520230 - plate,130,NA,LE220plus_520230 96 microTUBE Plate Thin Foil – 4mm offset,NA,7,Agilent Bioanalyzer DNA 1200 Kit cat# 5067-1509,300,NA,NA,450,30,200,80,10800,NA,NA,NA,
0,LE220,520230 - plate,130,NA,LE220plus_520230 96 microTUBE Plate Thin Foil – 4mm offset,NA,7,Agilent Bioanalyzer DNA 1200 Kit cat# 5067-1509,400,NA,NA,450,15,200,100,6750,NA,NA,NA,
0,LE220,520230 - plate,130,NA,LE220plus_520230 96 microTUBE Plate Thin Foil – 4mm offset,NA,7,Agilent Bioanalyzer DNA 1200 Kit cat# 5067-1509,500,NA,NA,450,15,200,75,5062.5,NA,NA,NA,
0,LE220,520230 - plate,130,NA,LE220plus_520230 96 microTUBE Plate Thin Foil – 4mm offset,NA,7,Agilent Bioanalyzer DNA 1200 Kit cat# 5067-1509,900,NA,NA,450,5,200,118,2655,NA,NA,NA,
0,LE220,520230 - plate,130,NA,LE220plus_520230 96 microTUBE Plate Thin Foil – 4mm offset,NA,7,Agilent Bioanalyzer DNA 1200 Kit cat# 5067-1509,1500,NA,NA,450,5,200,20,450,NA,NA,NA,
0,LE220,520185,320,500452,LE220plus_500452 Rack 24 Place microTUBE-500 Screw-Cap +6mm offset,NA,7,"Agilent, Bioanalyzer High Sensitivity DNA Kit, cat# 5067-4626",600,NA,NA,450,30,200,65,8775,NA,NA,NA,
0,LE220,520064,200,500205,LE220plus_500205 24 miniTUBE +15mm offset,NA,7,Unknown,2000,NA,NA,50,20,1000,900,9000,NA,NA,NA,
0,LE220,520065,200,500205,LE220plus_500205 24 miniTUBE +15mm offset,NA,20,Unknown,3000,NA,NA,35,20,1000,600,4200,NA,NA,NA,
0,LE220,520066,200,500205,LE220plus_500205 24 miniTUBE +15mm offset,NA,20,Unknown,5000,NA,NA,100,20,1000,600,12000,NA,NA,NA,
10,R230,520291,20,500668,R230_520291 96 AFA-TUBE TPX Plate +0.5 offset,NA,10,Agilent High Sensitivity NGS Fragment Analyzer Kit DNF-474,175,13,10,280,25,50,130,9100,NA,NA,3 mm Y at 20 mm/s,
10,R230,520291,50,500668,R230_520291 96 AFA-TUBE TPX Plate +0.5 offset,NA,10,Agilent High Sensitivity NGS Fragment Analyzer Kit DNF-474,350,5,10,280,25,50,50,3500,NA,NA,3 mm Y at 20 mm/s,
10.0.1,R230,520292,20,500668,R230_500723 PSU Holder 8 AFA-TUBE TPX Strip +0.5 offset,NA,10,Agilent High Sensitivity NGS Fragment Analyzer Kit DNF-474,175,13,10,280,25,50,130,9100,NA,NA,3 mm Y at 20 mm/s,
10.0.1,R230,520292,50,500668,R230_500723 PSU Holder 8 AFA-TUBE TPX Strip +0.5 offset,NA,10,Agilent High Sensitivity NGS Fragment Analyzer Kit DNF-474,350,5,10,280,25,50,50,3500,NA,NA,3 mm Y at 20 mm/s,
10.1.0,R230,520053,50,500803,R230_500803 PSU Rack 8 microTUBE Strip +0.5 offset.plt,NA,10,Agilent High Sensitivity NGS Fragment Analyzer Kit DNF-474,150,23,10,450,25,600,230,25875,NA,NA,1.5 mm Y at 10 mm/s,
10.1.0,R230,520053,130,500803,R230_500803 PSU Rack 8 microTUBE Strip +0.5 offset.plt,NA,10,Agilent High Sensitivity NGS Fragment Analyzer Kit DNF-474,150,38,10,450,25,600,380,42750,NA,NA,1.5 mm Y at 10 mm/s,
10.1.0,R230,520053,50,500803,R230_500803 PSU Rack 8 microTUBE Strip +0.5 offset.plt,NA,10,Agilent High Sensitivity NGS Fragment Analyzer Kit DNF-474,350,5,10,450,20,600,50,4500,NA,NA,1.5 mm Y at 10 mm/s,
10.1.0,R230,520053,130,500803,R230_500803 PSU Rack 8 microTUBE Strip +0.5 offset.plt,NA,10,Agilent High Sensitivity NGS Fragment Analyzer Kit DNF-474,350,7,10,450,24,600,70,7560,NA,NA,1.5 mm Y at 10 mm/s,
10.1.0,R230,520053,50,500750,R230_500803 PSU Rack 8 microTUBE Strip +0.5 offset.plt,NA,10,Agilent High Sensitivity NGS Fragment Analyzer Kit DNF-474,150,23,10,450,25,600,230,25875,NA,NA,1.5 mm Y at 10 mm/s,
10.1.0,R230,520053,130,500750,R230_500803 PSU Rack 8 microTUBE Strip +0.5 offset.plt,NA,10,Agilent High Sensitivity NGS Fragment Analyzer Kit DNF-474,150,38,10,450,25,600,380,42750,NA,NA,1.5 mm Y at 10 mm/s,
10.1.0,R230,520053,50,500750,R230_500803 PSU Rack 8 microTUBE Strip +0.5 offset.plt,NA,10,Agilent High Sensitivity NGS Fragment Analyzer Kit DNF-474,350,5,10,450,20,600,50,4500,NA,NA,1.5 mm Y at 10 mm/s,
10.1.0,R230,520053,130,500750,R230_500803 PSU Rack 8 microTUBE Strip +0.5 offset.plt,NA,10,Agilent High Sensitivity NGS Fragment Analyzer Kit DNF-474,350,7,10,450,24,600,70,7560,NA,NA,1.5 mm Y at 10 mm/s,
10.0.1,R230,520302,3.5,500708,R230_500708 PSU Rack 284 AFA-TUBE 5 PP Plate +0.5 offset,NA,10,Agilent High Sensitivity NGS Fragment Analyzer Kit DNF-474,200,100,Unknown,280,25,50,40,2800,NA,NA,1 mm Y at 10 mm/s,Flag - scanning speed (mm/s)
10.0.1,R230,520078,50,500750,R230_500750 PSU Rack 96 microTUBE Plate +0.5 offset,NA,10,Agilent High Sensitivity NGS Fragment Analyzer Kit DNF-474,150,20,10,450,25,600,200,22500,NA,NA,1.5 mm Y at 10 mm/s,
10.0.1,R230,520078,130,500750,R230_500750 PSU Rack 96 microTUBE Plate +0.5 offset,NA,10,Agilent High Sensitivity NGS Fragment Analyzer Kit DNF-474,150,38,10,450,25,600,380,42750,NA,NA,1.5 mm Y at 10 mm/s,
10.0.1,R230,520078,130,500750,R230_500750 PSU Rack 96 microTUBE Plate +0.5 offset,NA,10,Agilent High Sensitivity NGS Fragment Analyzer Kit DNF-474,350,7,10,450,25,600,70,7875,NA,NA,1.5 mm Y at 10 mm/s,
10,R230,520311,50,NA,R230_520311,NA,30,Agilent High Sensitivity NGS Fragment Analyzer Kit DNF-464,3000,42,Unknown,8,40,50,80,256,NA,NA,NA,Flag - scanning
0,R230,520291,10,500668,R230_520291 96 AFA-TUBE TPX Plate +0.5 offset,NA,10,Agilent High Sensitivity NGS Fragment Analyzer Kit DNF-474,734.38,1,10,280,25,50,10,700,NA,NA,NA,
10,R230,520291,10,500668,R230_520291 96 AFA-TUBE TPX Plate +0.5 offset,NA,10,Agilent High Sensitivity NGS Fragment Analyzer Kit DNF-474,368.08,2,10,280,25,50,20,1400,NA,NA,NA,
10,R230,520291,10,500668,R230_520291 96 AFA-TUBE TPX Plate +0.5 offset,NA,10,Agilent High Sensitivity NGS Fragment Analyzer Kit DNF-474,291.08,3,10,280,25,50,30,2100,NA,NA,NA,
10,R230,520291,10,500668,R230_520291 96 AFA-TUBE TPX Plate +0.5 offset,NA,10,Agilent High Sensitivity NGS Fragment Analyzer Kit DNF-474,271.28,4,10,280,25,50,40,2800,NA,NA,NA,
10,R230,520291,10,500668,R230_520291 96 AFA-TUBE TPX Plate +0.5 offset,NA,10,Agilent High Sensitivity NGS Fragment Analyzer Kit DNF-474,222.88,5,10,280,25,50,50,3500,NA,NA,NA,
10,R230,520291,10,500668,R230_520291 96 AFA-TUBE TPX Plate +0.5 offset,NA,10,Agilent High Sensitivity NGS Fragment Analyzer Kit DNF-474,205.28,6,10,280,25,50,60,4200,NA,NA,NA,
10,R230,520291,10,500668,R230_520291 96 AFA-TUBE TPX Plate +0.5 offset,NA,10,Agilent High Sensitivity NGS Fragment Analyzer Kit DNF-474,201.98,7,10,280,25,50,70,4900,NA,NA,NA,
10,R230,520291,10,500668,R230_520291 96 AFA-TUBE TPX Plate +0.5 offset,NA,10,Agilent High Sensitivity NGS Fragment Analyzer Kit DNF-474,196.48,8,10,280,25,50,80,5600,NA,NA,NA,
10,R230,520291,10,500668,R230_520291 96 AFA-TUBE TPX Plate +0.5 offset,NA,10,Agilent High Sensitivity NGS Fragment Analyzer Kit DNF-474,185.48,10,10,280,25,50,100,7000,NA,NA,NA,
10,R230,520291,10,500668,R230_520291 96 AFA-TUBE TPX Plate +0.5 offset,NA,10,Agilent High Sensitivity NGS Fragment Analyzer Kit DNF-474,163.48,12,10,280,25,50,120,8400,NA,NA,NA,
10,R230,520291,10,500668,R230_520291 96 AFA-TUBE TPX Plate +0.5 offset,NA,10,Agilent High Sensitivity NGS Fragment Analyzer Kit DNF-474,151.38,14,10,280,25,50,140,9800,NA,NA,NA,
10,R230,520291,10,500668,R230_520291 96 AFA-TUBE TPX Plate +0.5 offset,NA,10,Agilent High Sensitivity NGS Fragment Analyzer Kit DNF-474,149.18,16,10,280,25,50,160,11200,NA,NA,NA,
10,R230,520291,20,500668,R230_520291 96 AFA-TUBE TPX Plate +0.5 offset,NA,10,Agilent High Sensitivity NGS Fragment Analyzer Kit DNF-474,903.78,1,10,280,25,50,10,700,NA,NA,NA,
10,R230,520291,20,500668,R230_520291 96 AFA-TUBE TPX Plate +0.5 offset,NA,10,Agilent High Sensitivity NGS Fragment Analyzer Kit DNF-474,437.38,2,10,280,25,50,20,1400,NA,NA,NA,
10,R230,520291,20,500668,R230_520291 96 AFA-TUBE TPX Plate +0.5 offset,NA,10,Agilent High Sensitivity NGS Fragment Analyzer Kit DNF-474,359.28,3,10,280,25,50,30,2100,NA,NA,NA,
10,R230,520291,20,500668,R230_520291 96 AFA-TUBE TPX Plate +0.5 offset,NA,10,Agilent High Sensitivity NGS Fragment Analyzer Kit DNF-474,325.18,4,10,280,25,50,40,2800,NA,NA,NA,
10,R230,520291,20,500668,R230_520291 96 AFA-TUBE TPX Plate +0.5 offset,NA,10,Agilent High Sensitivity NGS Fragment Analyzer Kit DNF-474,273.48,5,10,280,25,50,50,3500,NA,NA,NA,
10,R230,520291,20,500668,R230_520291 96 AFA-TUBE TPX Plate +0.5 offset,NA,10,Agilent High Sensitivity NGS Fragment Analyzer Kit DNF-474,250.38,6,10,280,25,50,60,4200,NA,NA,NA,
10,R230,520291,20,500668,R230_520291 96 AFA-TUBE TPX Plate +0.5 offset,NA,10,Agilent High Sensitivity NGS Fragment Analyzer Kit DNF-474,232.78,7,10,280,25,50,70,4900,NA,NA,NA,
10,R230,520291,20,500668,R230_520291 96 AFA-TUBE TPX Plate +0.5 offset,NA,10,Agilent High Sensitivity NGS Fragment Analyzer Kit DNF-474,210.78,8,10,280,25,50,80,5600,NA,NA,NA,
10,R230,520291,20,500668,R230_520291 96 AFA-TUBE TPX Plate +0.5 offset,NA,10,Agilent High Sensitivity NGS Fragment Analyzer Kit DNF-474,197.58,10,10,280,25,50,100,7000,NA,NA,NA,
10,R230,520291,20,500668,R230_520291 96 AFA-TUBE TPX Plate +0.5 offset,NA,10,Agilent High Sensitivity NGS Fragment Analyzer Kit DNF-474,174.48,12,10,280,25,50,120,8400,NA,NA,NA,
10,R230,520291,20,500668,R230_520291 96 AFA-TUBE TPX Plate +0.5 offset,NA,10,Agilent High Sensitivity NGS Fragment Analyzer Kit DNF-474,170.08,14,10,280,25,50,140,9800,NA,NA,NA,
10,R230,520291,20,500668,R230_520291 96 AFA-TUBE TPX Plate +0.5 offset,NA,10,Agilent High Sensitivity NGS Fragment Analyzer Kit DNF-474,161.28,16,10,280,25,50,160,11200,NA,NA,NA,
10,R230,520291,40,500668,R230_520291 96 AFA-TUBE TPX Plate +0.5 offset,NA,10,Agilent High Sensitivity NGS Fragment Analyzer Kit DNF-474,1011.58,1,10,280,25,50,10,700,NA,NA,NA,
10,R230,520291,40,500668,R230_520291 96 AFA-TUBE TPX Plate +0.5 offset,NA,10,Agilent High Sensitivity NGS Fragment Analyzer Kit DNF-474,623.28,2,10,280,25,50,20,1400,NA,NA,NA,
10,R230,520291,40,500668,R230_520291 96 AFA-TUBE TPX Plate +0.5 offset,NA,10,Agilent High Sensitivity NGS Fragment Analyzer Kit DNF-474,427.48,3,10,280,25,50,30,2100,NA,NA,NA,
10,R230,520291,40,500668,R230_520291 96 AFA-TUBE TPX Plate +0.5 offset,NA,10,Agilent High Sensitivity NGS Fragment Analyzer Kit DNF-474,363.68,4,10,280,25,50,40,2800,NA,NA,NA,
10,R230,520291,40,500668,R230_520291 96 AFA-TUBE TPX Plate +0.5 offset,NA,10,Agilent High Sensitivity NGS Fragment Analyzer Kit DNF-474,300.98,5,10,280,25,50,50,3500,NA,NA,NA,
10,R230,520291,40,500668,R230_520291 96 AFA-TUBE TPX Plate +0.5 offset,NA,10,Agilent High Sensitivity NGS Fragment Analyzer Kit DNF-474,275.68,6,10,280,25,50,60,4200,NA,NA,NA,
10,R230,520291,40,500668,R230_520291 96 AFA-TUBE TPX Plate +0.5 offset,NA,10,Agilent High Sensitivity NGS Fragment Analyzer Kit DNF-474,266.88,7,10,280,25,50,70,4900,NA,NA,NA,
10,R230,520291,40,500668,R230_520291 96 AFA-TUBE TPX Plate +0.5 offset,NA,10,Agilent High Sensitivity NGS Fragment Analyzer Kit DNF-474,251.48,8,10,280,25,50,80,5600,NA,NA,NA,
10,R230,520291,40,500668,R230_520291 96 AFA-TUBE TPX Plate +0.5 offset,NA,10,Agilent High Sensitivity NGS Fragment Analyzer Kit DNF-474,215.18,10,10,280,25,50,100,7000,NA,NA,NA,
10,R230,520291,40,500668,R230_520291 96 AFA-TUBE TPX Plate +0.5 offset,NA,10,Agilent High Sensitivity NGS Fragment Analyzer Kit DNF-474,203.08,12,10,280,25,50,120,8400,NA,NA,NA,
10,R230,520291,40,500668,R230_520291 96 AFA-TUBE TPX Plate +0.5 offset,NA,10,Agilent High Sensitivity NGS Fragment Analyzer Kit DNF-474,184.38,14,10,280,25,50,140,9800,NA,NA,NA,
10,R230,520291,40,500668,R230_520291 96 AFA-TUBE TPX Plate +0.5 offset,NA,10,Agilent High Sensitivity NGS Fragment Analyzer Kit DNF-474,182.18,16,10,280,25,50,160,11200,NA,NA,NA,
10,R230,520291,80,500668,R230_520291 96 AFA-TUBE TPX Plate +0.5 offset,NA,10,Agilent High Sensitivity NGS Fragment Analyzer Kit DNF-474,1161.18,1,10,280,25,50,10,700,NA,NA,NA,
10,R230,520291,80,500668,R230_520291 96 AFA-TUBE TPX Plate +0.5 offset,NA,10,Agilent High Sensitivity NGS Fragment Analyzer Kit DNF-474,996.18,2,10,280,25,50,20,1400,NA,NA,NA,
10,R230,520291,80,500668,R230_520291 96 AFA-TUBE TPX Plate +0.5 offset,NA,10,Agilent High Sensitivity NGS Fragment Analyzer Kit DNF-474,756.38,3,10,280,25,50,30,2100,NA,NA,NA,
10,R230,520291,80,500668,R230_520291 96 AFA-TUBE TPX Plate +0.5 offset,NA,10,Agilent High Sensitivity NGS Fragment Analyzer Kit DNF-474,592.48,4,10,280,25,50,40,2800,NA,NA,NA,
10,R230,520291,80,500668,R230_520291 96 AFA-TUBE TPX Plate +0.5 offset,NA,10,Agilent High Sensitivity NGS Fragment Analyzer Kit DNF-474,448.38,5,10,280,25,50,50,3500,NA,NA,NA,
10,R230,520291,80,500668,R230_520291 96 AFA-TUBE TPX Plate +0.5 offset,NA,10,Agilent High Sensitivity NGS Fragment Analyzer Kit DNF-474,373.58,6,10,280,25,50,60,4200,NA,NA,NA,
10,R230,520291,80,500668,R230_520291 96 AFA-TUBE TPX Plate +0.5 offset,NA,10,Agilent High Sensitivity NGS Fragment Analyzer Kit DNF-474,335.08,7,10,280,25,50,70,4900,NA,NA,NA,
10,R230,520291,80,500668,R230_520291 96 AFA-TUBE TPX Plate +0.5 offset,NA,10,Agilent High Sensitivity NGS Fragment Analyzer Kit DNF-474,307.58,8,10,280,25,50,80,5600,NA,NA,NA,
10,R230,520291,80,500668,R230_520291 96 AFA-TUBE TPX Plate +0.5 offset,NA,10,Agilent High Sensitivity NGS Fragment Analyzer Kit DNF-474,280.08,10,10,280,25,50,100,7000,NA,NA,NA,
10,R230,520291,80,500668,R230_520291 96 AFA-TUBE TPX Plate +0.5 offset,NA, ,Agilent High Sensitivity NGS Fragment Analyzer Kit DNF-474,260.28,12,10,280,25,50,120,8400,NA,NA,NA,
10,R230,520291,80,500668,R230_520291 96 AFA-TUBE TPX Plate +0.5 offset,NA,10,Agilent High Sensitivity NGS Fragment Analyzer Kit DNF-474,225.08,14,10,280,25,50,140,9800,NA,NA,NA,
10,R230,520291,80,500668,R230_520291 96 AFA-TUBE TPX Plate +0.5 offset,NA,10,Agilent High Sensitivity NGS Fragment Analyzer Kit DNF-474,215.18,16,10,280,25,50,160,11200,NA,NA,NA,
0,ME220,520240,55,500518,520240.2,500526,20,Unknown,1911,NA,NA,40,5,1000,15,30,NA,NA,NA,
0,ME220,520240,55,500518,520240.2,500526,20,Unknown,1502,NA,NA,40,5,1000,25,50,NA,NA,NA,
0,ME220,520240,55,500518,520240.2,500526,20,Unknown,1375,NA,NA,40,5,1000,35,70,NA,NA,NA,
0,M220,520045,130,500414,500489,NA,20,Agilent Bioanalyzer with DNA 12000 Kit (cat# 5067-1509),150,NA,NA,50,20,200,330,3300,NA,NA,NA,
0,M220,520045,130,500414,500489,NA,20,Agilent Bioanalyzer with DNA 12000 Kit (cat# 5067-1509),200,NA,NA,50,20,200,150,1500,NA,NA,NA,
0,M220,520045,130,500414,500489,NA,20,Agilent Bioanalyzer with DNA 12000 Kit (cat# 5067-1509),300,NA,NA,50,20,200,65,650,NA,NA,NA,
0,M220,520045,130,500414,500489,NA,20,Agilent Bioanalyzer with DNA 12000 Kit (cat# 5067-1509),400,NA,NA,50,10,200,70,350,NA,NA,NA,
0,M220,520045,130,500414,500489,NA,20,Agilent Bioanalyzer with DNA 12000 Kit (cat# 5067-1509),500,NA,NA,50,10,200,50,250,NA,NA,NA,
0,M220,520045,130,500414,500489,NA,20,Agilent Bioanalyzer with DNA 12000 Kit (cat# 5067-1509),800,NA,NA,50,5,200,52,130,NA,NA,NA,
0,M220,520045,130,500414,500489,NA,20,Agilent Bioanalyzer with DNA 12000 Kit (cat# 5067-1509),1000,NA,NA,50,2,200,90,90,NA,NA,NA,
0,M220,520045,130,500414,500489,NA,20,Agilent Bioanalyzer with DNA 12000 Kit (cat# 5067-1509),1500,NA,NA,50,2,200,20,20,NA,NA,NA,
0,M220,520166,55,500414,500488,NA,20,Agilent Bioanalyzer with DNA 12000 Kit (cat# 5067-1509),150,NA,NA,75,10,200,510,3825,NA,NA,NA,
0,M220,520166,55,500414,500488,NA,20,Agilent Bioanalyzer with DNA 12000 Kit (cat# 5067-1509),200,NA,NA,75,10,200,260,1950,NA,NA,NA,
0,M220,520166,55,500414,500488,NA,20,Agilent Bioanalyzer with DNA 12000 Kit (cat# 5067-1509),250,NA,NA,75,10,200,160,1200,NA,NA,NA,
0,M220,520166,55,500414,500488,NA,20,Agilent Bioanalyzer with DNA 12000 Kit (cat# 5067-1509),300,NA,NA,75,10,200,100,750,NA,NA,NA,
0,M220,520166,55,500414,500488,NA,20,Agilent Bioanalyzer with DNA 12000 Kit (cat# 5067-1509),350,NA,NA,75,10,200,80,600,NA,NA,NA,
0,M220,520166,55,500414,500488,NA,20,Agilent Bioanalyzer with DNA 12000 Kit (cat# 5067-1509),400,NA,NA,75,10,200,64,480,NA,NA,NA,
0,M220,520166,55,500414,500488,NA,20,Agilent Bioanalyzer with DNA 12000 Kit (cat# 5067-1509),550,NA,NA,75,10,200,45,337.5,NA,NA,NA,
0,M220,520145,55,500414,500420,NA,20,Agilent Bioanalyzer with DNA 12000 Kit (cat# 5067-1509),150,NA,NA,30,20,50,250,1500,NA,NA,NA,
0,M220,520145,55,500414,500420,NA,20,Agilent Bioanalyzer with DNA 12000 Kit (cat# 5067-1509),250,NA,NA,30,20,50,80,480,NA,NA,NA,
0,M220,520145,55,500414,500420,NA,20,Agilent Bioanalyzer with DNA 12000 Kit (cat# 5067-1509),350,NA,NA,30,20,50,42,252,NA,NA,NA,
0,M220,520145,55,500414,500420,NA,20,Agilent Bioanalyzer with DNA 12000 Kit (cat# 5067-1509),550,NA,NA,30,20,50,23,138,NA,NA,NA,
0,M220,520185,500,500414,500471,NA,20,Agilent Bioanalyzer with DNA 12000 Kit (cat# 5067-1509),150,NA,NA,75,20,200,410,6150,NA,NA,NA,
0,M220,520185,500,500414,500471,NA,20,Agilent Bioanalyzer with DNA 12000 Kit (cat# 5067-1509),200,NA,NA,75,20,200,210,3150,NA,NA,NA,
0,M220,520185,500,500414,500471,NA,20,Agilent Bioanalyzer with DNA 12000 Kit (cat# 5067-1509),350,NA,NA,75,20,200,70,1050,NA,NA,NA,
0,M220,520185,500,500414,500471,NA,20,Agilent Bioanalyzer with DNA 12000 Kit (cat# 5067-1509),550,NA,NA,75,20,200,47,705,NA,NA,NA,
0,M220,520185,320,500414,500471,NA,20,Agilent Bioanalyzer with DNA 12000 Kit (cat# 5067-1509),550,NA,NA,75,20,200,55,825,NA,NA,NA,
0,S220,520045,130,500114,NA,NA,7,Agilent Bioanalyzer DNA 1200 Kit cat# 5067-4626,150,NA,NA,175,10,200,430,7525,NA,NA,NA,
0,S220,520045,130,500114,NA,NA,7,Agilent Bioanalyzer DNA 1200 Kit cat# 5067-4626,200,NA,NA,175,10,200,180,3150,NA,NA,NA,
0,S220,520045,130,500114,NA,NA,7,Agilent Bioanalyzer DNA 1200 Kit cat# 5067-4626,300,NA,NA,140,10,200,80,1120,NA,NA,NA,
0,S220,520045,130,500114,NA,NA,7,Agilent Bioanalyzer DNA 1200 Kit cat# 5067-4626,400,NA,NA,140,10,200,55,770,NA,NA,NA,
0,S220,520045,130,500114,NA,NA,7,Agilent Bioanalyzer DNA 1200 Kit cat# 5067-4626,500,NA,NA,105,5,200,80,420,NA,NA,NA,
0,S220,520045,130,500114,NA,NA,7,Agilent Bioanalyzer DNA 1200 Kit cat# 5067-4626,800,NA,NA,105,5,200,50,262.5,NA,NA,NA,
0,S220,520045,130,500114,NA,NA,7,Agilent Bioanalyzer DNA 1200 Kit cat# 5067-4626,1000,NA,NA,105,5,200,40,210,NA,NA,NA,
0,S220,520045,130,500114,NA,NA,7,Agilent Bioanalyzer DNA 1200 Kit cat# 5067-4626,1500,NA,NA,140,2,200,15,42,NA,NA,NA,
0,S220,520052,130,500114,NA,NA,7,Agilent Bioanalyzer DNA 1200 Kit cat# 5067-4626,150,NA,NA,175,10,200,430,7525,NA,NA,NA,
0,S220,520052,130,500114,NA,NA,7,Agilent Bioanalyzer DNA 1200 Kit cat# 5067-4626,200,NA,NA,175,10,200,180,3150,NA,NA,NA,
0,S220,520052,130,500114,NA,NA,7,Agilent Bioanalyzer DNA 1200 Kit cat# 5067-4626,300,NA,NA,140,10,200,80,1120,NA,NA,NA,
0,S220,520052,130,500114,NA,NA,7,Agilent Bioanalyzer DNA 1200 Kit cat# 5067-4626,400,NA,NA,140,10,200,55,770,NA,NA,NA,
0,S220,520052,130,500114,NA,NA,7,Agilent Bioanalyzer DNA 1200 Kit cat# 5067-4626,500,NA,NA,105,5,200,80,420,NA,NA,NA,
0,S220,520052,130,500114,NA,NA,7,Agilent Bioanalyzer DNA 1200 Kit cat# 5067-4626,800,NA,NA,105,5,200,50,262.5,NA,NA,NA,
0,S220,520052,130,500114,NA,NA,7,Agilent Bioanalyzer DNA 1200 Kit cat# 5067-4626,1000,NA,NA,105,5,200,40,210,NA,NA,NA,
0,S220,520052,130,500114,NA,NA,7,Agilent Bioanalyzer DNA 1200 Kit cat# 5067-4626,1500,NA,NA,140,2,200,15,42,NA,NA,NA,
0,S220,520166,55,500492,NA,NA,7,Agilent Bioanalyzer DNA 1200 Kit cat# 5067-4626,150,NA,NA,100,30,1000,150,4500,NA,NA,NA,
0,S220,520166,55,500492,NA,NA,7,Agilent Bioanalyzer DNA 1200 Kit cat# 5067-4626,200,NA,NA,75,25,1000,95,1781.25,NA,NA,NA,
0,S220,520166,55,500492,NA,NA,7,Agilent Bioanalyzer DNA 1200 Kit cat# 5067-4626,250,NA,NA,75,20,1000,65,975,NA,NA,NA,
0,S220,520166,55,500492,NA,NA,7,Agilent Bioanalyzer DNA 1200 Kit cat# 5067-4626,300,NA,NA,75,20,1000,45,675,NA,NA,NA,
0,S220,520166,55,500492,NA,NA,7,Agilent Bioanalyzer DNA 1200 Kit cat# 5067-4626,350,NA,NA,75,15,1000,45,506.25,NA,NA,NA,
0,S220,520166,55,500492,NA,NA,7,Agilent Bioanalyzer DNA 1200 Kit cat# 5067-4626,400,NA,NA,75,10,1000,55,412.5,NA,NA,NA,
0,S220,520166,55,500492,NA,NA,7,Agilent Bioanalyzer DNA 1200 Kit cat# 5067-4626,550,NA,NA,50,10,1000,50,250,NA,NA,NA,
0,S220,520145,15,500427,NA,NA,20,Agilent Bioanalyzer DNA 1200 Kit cat# 5067-4626,150,NA,NA,18,20,50,300,1080,NA,NA,NA,
0,S220,520145,15,500427,NA,NA,20,Agilent Bioanalyzer DNA 1200 Kit cat# 5067-4626,200,NA,NA,18,20,50,120,432,NA,NA,NA,
0,S220,520145,15,500427,NA,NA,20,Agilent Bioanalyzer DNA 1200 Kit cat# 5067-4626,250,NA,NA,18,20,50,80,288,NA,NA,NA,
0,S220,520145,15,500427,NA,NA,20,Agilent Bioanalyzer DNA 1200 Kit cat# 5067-4626,350,NA,NA,18,20,50,45,162,NA,NA,NA,
0,S220,520145,15,500427,NA,NA,20,Agilent Bioanalyzer DNA 1200 Kit cat# 5067-4626,550,NA,NA,18,20,50,22,79.2,NA,NA,NA,
0,S220,520185,500,500449,NA,NA,7,Agilent Bioanalyzer DNA 1200 Kit cat# 5067-4626,150,NA,NA,175,20,200,400,14000,NA,NA,NA,
0,S220,520185,500,500449,NA,NA,7,Agilent Bioanalyzer DNA 1200 Kit cat# 5067-4626,200,NA,NA,175,20,200,180,6300,NA,NA,NA,
0,S220,520185,500,500449,NA,NA,7,Agilent Bioanalyzer DNA 1200 Kit cat# 5067-4626,350,NA,NA,175,20,200,55,1925,NA,NA,NA,
0,S220,520185,500,500449,NA,NA,7,Agilent Bioanalyzer DNA 1200 Kit cat# 5067-4626,550,NA,NA,175,5,200,110,962.5,NA,NA,NA,
0,S220,520185,320,500449,NA,NA,7,Agilent Bioanalyzer DNA 1200 Kit cat# 5067-4626,550,NA,NA,75,5,200,110,412.5,NA,NA,NA,
0,E220,520045,130,500111,500111 24 microTUBE snap +4mm offset,NA,7,Agilent Bioanalyzer DNA 1200 Kit cat# 5067-4626,150,NA,NA,175,10,200,430,7525,NA,NA,NA,
0,E220,520045,130,500111,500111 24 microTUBE snap +4mm offset,NA,7,Agilent Bioanalyzer DNA 1200 Kit cat# 5067-4626,200,NA,NA,175,10,200,180,3150,NA,NA,NA,
0,E220,520045,130,500111,500111 24 microTUBE snap +4mm offset,NA,7,Agilent Bioanalyzer DNA 1200 Kit cat# 5067-4626,300,NA,NA,140,10,200,80,1120,NA,NA,NA,
0,E220,520045,130,500111,500111 24 microTUBE snap +4mm offset,NA,7,Agilent Bioanalyzer DNA 1200 Kit cat# 5067-4626,400,NA,NA,140,10,200,55,770,NA,NA,NA,
0,E220,520045,130,500111,500111 24 microTUBE snap +4mm offset,NA,7,Agilent Bioanalyzer DNA 1200 Kit cat# 5067-4626,500,NA,NA,105,5,200,80,420,NA,NA,NA,
0,E220,520045,130,500111,500111 24 microTUBE snap +4mm offset,NA,7,Agilent Bioanalyzer DNA 1200 Kit cat# 5067-4626,800,NA,NA,105,5,200,50,262.5,NA,NA,NA,
0,E220,520045,130,500111,500111 24 microTUBE snap +4mm offset,NA,7,Agilent Bioanalyzer DNA 1200 Kit cat# 5067-4626,1000,NA,NA,105,5,200,40,210,NA,NA,NA,
0,E220,520045,130,500111,500111 24 microTUBE snap +4mm offset,NA,7,Agilent Bioanalyzer DNA 1200 Kit cat# 5067-4626,1500,NA,NA,140,2,200,15,42,NA,NA,NA,
0,E220,520052,130,500282,E220_500282 Rack 96 Place microTUBE -6mm offset,NA,7,Agilent Bioanalyzer DNA 1200 Kit cat# 5067-4626,150,NA,NA,175,10,200,430,7525,NA,NA,NA,
0,E220,520052,130,500282,E220_500282 Rack 96 Place microTUBE -6mm offset,NA,7,Agilent Bioanalyzer DNA 1200 Kit cat# 5067-4626,200,NA,NA,175,10,200,180,3150,NA,NA,NA,
0,E220,520052,130,500282,E220_500282 Rack 96 Place microTUBE -6mm offset,NA,7,Agilent Bioanalyzer DNA 1200 Kit cat# 5067-4626,300,NA,NA,140,10,200,80,1120,NA,NA,NA,
0,E220,520052,130,500282,E220_500282 Rack 96 Place microTUBE -6mm offset,NA,7,Agilent Bioanalyzer DNA 1200 Kit cat# 5067-4626,400,NA,NA,140,10,200,55,770,NA,NA,NA,
0,E220,520052,130,500282,E220_500282 Rack 96 Place microTUBE -6mm offset,NA,7,Agilent Bioanalyzer DNA 1200 Kit cat# 5067-4626,500,NA,NA,105,5,200,80,420,NA,NA,NA,
0,E220,520052,130,500282,E220_500282 Rack 96 Place microTUBE -6mm offset,NA,7,Agilent Bioanalyzer DNA 1200 Kit cat# 5067-4626,800,NA,NA,105,5,200,50,262.5,NA,NA,NA,
0,E220,520052,130,500282,E220_500282 Rack 96 Place microTUBE -6mm offset,NA,7,Agilent Bioanalyzer DNA 1200 Kit cat# 5067-4626,1000,NA,NA,105,5,200,40,210,NA,NA,NA,
0,E220,520052,130,500282,E220_500282 Rack 96 Place microTUBE -6mm offset,NA,7,Agilent Bioanalyzer DNA 1200 Kit cat# 5067-4626,1500,NA,NA,140,2,200,15,42,NA,NA,NA,
0,E220,520053,130,500191,E220_500191 8 microTUBE strip Plate -6mm offset,NA,7,Agilent Bioanalyzer DNA 1200 Kit cat# 5067-4626,150,NA,NA,175,10,200,430,7525,NA,NA,NA,
0,E220,520053,130,500191,E220_500191 8 microTUBE strip Plate -6mm offset,NA,7,Agilent Bioanalyzer DNA 1200 Kit cat# 5067-4626,200,NA,NA,175,10,200,180,3150,NA,NA,NA,
0,E220,520053,130,500191,E220_500191 8 microTUBE strip Plate -6mm offset,NA,7,Agilent Bioanalyzer DNA 1200 Kit cat# 5067-4626,300,NA,NA,140,10,200,80,1120,NA,NA,NA,
0,E220,520053,130,500191,E220_500191 8 microTUBE strip Plate -6mm offset,NA,7,Agilent Bioanalyzer DNA 1200 Kit cat# 5067-4626,400,NA,NA,140,10,200,55,770,NA,NA,NA,
0,E220,520053,130,500191,E220_500191 8 microTUBE strip Plate -6mm offset,NA,7,Agilent Bioanalyzer DNA 1200 Kit cat# 5067-4626,500,NA,NA,105,5,200,80,420,NA,NA,NA,
0,E220,520053,130,500191,E220_500191 8 microTUBE strip Plate -6mm offset,NA,7,Agilent Bioanalyzer DNA 1200 Kit cat# 5067-4626,800,NA,NA,105,5,200,50,262.5,NA,NA,NA,
0,E220,520053,130,500191,E220_500191 8 microTUBE strip Plate -6mm offset,NA,7,Agilent Bioanalyzer DNA 1200 Kit cat# 5067-4626,1000,NA,NA,105,5,200,40,210,NA,NA,NA,
0,E220,520053,130,500191,E220_500191 8 microTUBE strip Plate -6mm offset,NA,7,Agilent Bioanalyzer DNA 1200 Kit cat# 5067-4626,1500,NA,NA,140,2,200,15,42,NA,NA,NA,
0,E220,520230,130,NA,“E220_520078 96 microTUBE Plate -6mm offset” OR “E220_520230 96 microTUBE Plate Thin Foil -6mm offset”,NA,7,Agilent Bioanalyzer DNA 1200 Kit cat# 5067-4626,150,NA,NA,175,10,200,430,7525,NA,NA,NA,
0,E220,520230,130,NA,“E220_520078 96 microTUBE Plate -6mm offset” OR “E220_520230 96 microTUBE Plate Thin Foil -6mm offset”,NA,7,Agilent Bioanalyzer DNA 1200 Kit cat# 5067-4626,200,NA,NA,175,10,200,180,3150,NA,NA,NA,
0,E220,520230,130,NA,“E220_520078 96 microTUBE Plate -6mm offset” OR “E220_520230 96 microTUBE Plate Thin Foil -6mm offset”,NA,7,Agilent Bioanalyzer DNA 1200 Kit cat# 5067-4626,300,NA,NA,140,10,200,80,1120,NA,NA,NA,
0,E220,520230,130,NA,“E220_520078 96 microTUBE Plate -6mm offset” OR “E220_520230 96 microTUBE Plate Thin Foil -6mm offset”,NA,7,Agilent Bioanalyzer DNA 1200 Kit cat# 5067-4626,400,NA,NA,140,10,200,55,770,NA,NA,NA,
0,E220,520230,130,NA,“E220_520078 96 microTUBE Plate -6mm offset” OR “E220_520230 96 microTUBE Plate Thin Foil -6mm offset”,NA,7,Agilent Bioanalyzer DNA 1200 Kit cat# 5067-4626,500,NA,NA,105,5,200,80,420,NA,NA,NA,
0,E220,520230,130,NA,“E220_520078 96 microTUBE Plate -6mm offset” OR “E220_520230 96 microTUBE Plate Thin Foil -6mm offset”,NA,7,Agilent Bioanalyzer DNA 1200 Kit cat# 5067-4626,800,NA,NA,105,5,200,50,262.5,NA,NA,NA,
0,E220,520230,130,NA,“E220_520078 96 microTUBE Plate -6mm offset” OR “E220_520230 96 microTUBE Plate Thin Foil -6mm offset”,NA,7,Agilent Bioanalyzer DNA 1200 Kit cat# 5067-4626,1000,NA,NA,105,5,200,40,210,NA,NA,NA,
0,E220,520230,130,NA,“E220_520078 96 microTUBE Plate -6mm offset” OR “E220_520230 96 microTUBE Plate Thin Foil -6mm offset”,NA,7,Agilent Bioanalyzer DNA 1200 Kit cat# 5067-4626,1500,NA,NA,140,2,200,15,42,NA,NA,NA,
0,E220,520166,55,500308,E220_500308 Rack 24 Place microTUBE-50 Screw-Cap +6.5mm offset,NA,7,Agilent Bioanalyzer DNA 1200 Kit cat# 5067-4626,150,NA,NA,75,15,1000,340,3825,NA,NA,NA,
0,E220,520166,55,500308,E220_500308 Rack 24 Place microTUBE-50 Screw-Cap +6.5mm offset,NA,7,Agilent Bioanalyzer DNA 1200 Kit cat# 5067-4626,200,NA,NA,75,15,1000,145,1631.25,NA,NA,NA,
0,E220,520166,55,500308,E220_500308 Rack 24 Place microTUBE-50 Screw-Cap +6.5mm offset,NA,7,Agilent Bioanalyzer DNA 1200 Kit cat# 5067-4626,250,NA,NA,75,20,1000,62,930,NA,NA,NA,
0,E220,520166,55,500308,E220_500308 Rack 24 Place microTUBE-50 Screw-Cap +6.5mm offset,NA,7,Agilent Bioanalyzer DNA 1200 Kit cat# 5067-4626,300,NA,NA,75,20,1000,40,600,NA,NA,NA,
0,E220,520166,55,500308,E220_500308 Rack 24 Place microTUBE-50 Screw-Cap +6.5mm offset,NA,7,Agilent Bioanalyzer DNA 1200 Kit cat# 5067-4626,350,NA,NA,75,20,1000,30,450,NA,NA,NA,
0,E220,520166,55,500308,E220_500308 Rack 24 Place microTUBE-50 Screw-Cap +6.5mm offset,NA,7,Agilent Bioanalyzer DNA 1200 Kit cat# 5067-4626,400,NA,NA,75,10,1000,50,375,NA,NA,NA,
0,E220,520166,55,500308,E220_500308 Rack 24 Place microTUBE-50 Screw-Cap +6.5mm offset,NA,7,Agilent Bioanalyzer DNA 1200 Kit cat# 5067-4626,550,NA,NA,30,10,1000,70,210,NA,NA,NA,
0,E220,520240,55,500444,E220_500444 Rack 12 Place 8 microTUBE-50 Strip V2-10mm offset\,NA,7,Agilent Bioanalyzer DNA 1200 Kit cat# 5067-4626,150,NA,NA,75,15,1000,360,4050,NA,NA,NA,
0,E220,520240,55,500444,E220_500444 Rack 12 Place 8 microTUBE-50 Strip V2-10mm offset\,NA,7,Agilent Bioanalyzer DNA 1200 Kit cat# 5067-4626,200,NA,NA,75,15,1000,155,1743.75,NA,NA,NA,
0,E220,520240,55,500444,E220_500444 Rack 12 Place 8 microTUBE-50 Strip V2-10mm offset\,NA,7,Agilent Bioanalyzer DNA 1200 Kit cat# 5067-4626,250,NA,NA,75,20,1000,75,1125,NA,NA,NA,
0,E220,520240,55,500444,E220_500444 Rack 12 Place 8 microTUBE-50 Strip V2-10mm offset\,NA,7,Agilent Bioanalyzer DNA 1200 Kit cat# 5067-4626,300,NA,NA,75,20,1000,45,675,NA,NA,NA,
0,E220,520240,55,500444,E220_500444 Rack 12 Place 8 microTUBE-50 Strip V2-10mm offset\,NA,7,Agilent Bioanalyzer DNA 1200 Kit cat# 5067-4626,350,NA,NA,75,20,1000,35,525,NA,NA,NA,
0,E220,520240,55,500444,E220_500444 Rack 12 Place 8 microTUBE-50 Strip V2-10mm offset\,NA,7,Agilent Bioanalyzer DNA 1200 Kit cat# 5067-4626,400,NA,NA,75,10,1000,52,390,NA,NA,NA,
0,E220,520240,55,500444,E220_500444 Rack 12 Place 8 microTUBE-50 Strip V2-10mm offset\,NA,7,Agilent Bioanalyzer DNA 1200 Kit cat# 5067-4626,550,NA,NA,50,10,1000,50,250,NA,NA,NA,
0,E220,520232,55,NA,“E220_520168 96 microTUBE-50 Plate -10.5mm offset” OR “E220_520232 96 microTUBE-50 Plate Thin Foil -10.5mm offset”,NA,7,Agilent Bioanalyzer DNA 1200 Kit cat# 5067-4626,150,NA,NA,75,15,1000,360,4050,NA,NA,NA,
0,E220,520232,55,NA,“E220_520168 96 microTUBE-50 Plate -10.5mm offset” OR “E220_520232 96 microTUBE-50 Plate Thin Foil -10.5mm offset”,NA,7,Agilent Bioanalyzer DNA 1200 Kit cat# 5067-4626,200,NA,NA,75,15,1000,155,1743.75,NA,NA,NA,
0,E220,520232,55,NA,“E220_520168 96 microTUBE-50 Plate -10.5mm offset” OR “E220_520232 96 microTUBE-50 Plate Thin Foil -10.5mm offset”,NA,7,Agilent Bioanalyzer DNA 1200 Kit cat# 5067-4626,250,NA,NA,75,20,1000,70,1050,NA,NA,NA,
0,E220,520232,55,NA,“E220_520168 96 microTUBE-50 Plate -10.5mm offset” OR “E220_520232 96 microTUBE-50 Plate Thin Foil -10.5mm offset”,NA,7,Agilent Bioanalyzer DNA 1200 Kit cat# 5067-4626,300,NA,NA,75,20,1000,49,735,NA,NA,NA,
0,E220,520232,55,NA,“E220_520168 96 microTUBE-50 Plate -10.5mm offset” OR “E220_520232 96 microTUBE-50 Plate Thin Foil -10.5mm offset”,NA,7,Agilent Bioanalyzer DNA 1200 Kit cat# 5067-4626,350,NA,NA,75,20,1000,34,510,NA,NA,NA,
0,E220,520232,55,NA,“E220_520168 96 microTUBE-50 Plate -10.5mm offset” OR “E220_520232 96 microTUBE-50 Plate Thin Foil -10.5mm offset”,NA,7,Agilent Bioanalyzer DNA 1200 Kit cat# 5067-4626,400,NA,NA,75,10,1000,50,375,NA,NA,NA,
0,E220,520232,55,NA,“E220_520168 96 microTUBE-50 Plate -10.5mm offset” OR “E220_520232 96 microTUBE-50 Plate Thin Foil -10.5mm offset”,NA,7,Agilent Bioanalyzer DNA 1200 Kit cat# 5067-4626,550,NA,NA,75,10,1000,32,240,NA,NA,NA,
0,E220,,,,,,,,,,,,,,,,,,,
0,E220,,,,,,,,,,,,,,,,,,,
0,E220,,,,,,,,,,,,,,,,,,,
0,E220,,,,,,,,,,,,,,,,,,,
0,E220,,,,,,,,,,,,,,,,,,,
0,E220,,,,,,,,,,,,,,,,,,,
0,E220,,,,,,,,,,,,,,,,,,,
0,E220,,,,,,,,,,,,,,,,,,,
0,E220,,,,,,,,,,,,,,,,,,,
0,E220,,,,,,,,,,,,,,,,,,,
0,E220,,,,,,,,,,,,,,,,,,,
